case,tau,m,deltaF
uniform_basin,0,0.313022264699906,0.0410369156379879
uniform_basin,0.2,0.309144185943325,0.0406507408620955
uniform_basin,0.4,0.305108833086059,0.0402332696483179
uniform_basin,0.6,0.300898386508984,0.039780190168172
uniform_basin,0.8,0.296500453551454,0.039288411753265
uniform_basin,1,0.291905329976833,0.0387550656793534
uniform_basin,1.2,0.287104731042352,0.0381772910382978
uniform_basin,1.4,0.282091235392831,0.0375522143108749
uniform_basin,1.6,0.276858084713845,0.0368769826986708
uniform_basin,1.8,0.271399168084471,0.0361488188965413
uniform_basin,2,0.265709108764678,0.0353650907810086
uniform_basin,2.2,0.259783413967651,0.0345233954293189
uniform_basin,2.4,0.253618668700207,0.0336216579213622
uniform_basin,2.6,0.247212764283638,0.0326582450844526
uniform_basin,2.8,0.240565156130693,0.031632093531581
uniform_basin,3,0.233677146379985,0.0305428501768139
uniform_basin,3.2,0.226552186343988,0.0293910219034563
uniform_basin,3.4,0.219196192026764,0.0281781292276162
uniform_basin,3.6,0.211617863534183,0.02690685669826
uniform_basin,3.8,0.203828996245634,0.0255811905263046
uniform_basin,4,0.19584476835054,0.0242065317488545
uniform_basin,4.2,0.187683986039613,0.0227897714156067
uniform_basin,4.4,0.179369264635355,0.0213393132270059
uniform_basin,4.6,0.17092712170923,0.019865029217313
uniform_basin,4.8,0.162387957318049,0.0183781359223416
uniform_basin,5,0.1537858975043,0.0168909823721715
uniform_basin,5.2,0.145158480721076,0.0154167473610187
uniform_basin,5.4,0.136546173296124,0.0139690515860429
uniform_basin,5.6,0.127991709592034,0.0125614997812493
uniform_basin,5.8,0.11953926487565,0.0112071777924507
uniform_basin,6,0.111233483270296,0.00991813814634335
uniform_basin,6.2,0.103118398160304,0.00870491339097335
uniform_basin,6.4,0.0952362962126601,0.00757609784168123
uniform_basin,6.6,0.0876265867108181,0.00653803444758938
uniform_basin,6.8,0.0803247432247292,0.00559463430526885
uniform_basin,7,0.0733613833796639,0.00474734295563262
uniform_basin,7.2,0.0667615441618599,0.0039952520119062
uniform_basin,7.4,0.0605441954673996,0.00333533941638264
uniform_basin,7.6,0.0547220152132607,0.00276280920310956
uniform_basin,7.8,0.0493014278396635,0.00227149392055592
uniform_basin,8,0.0442828873038724,0.0018542806787103
uniform_basin,8.2,0.0396613683110115,0.00150352483636751
uniform_basin,8.4,0.0354270174329182,0.00121142240206984
uniform_basin,8.6,0.0315659098107358,0.000970321532192564
uniform_basin,8.8,0.0280608571666785,0.000772963251613579
uniform_basin,9,0.0248922178693487,0.000612650211684107
uniform_basin,9.2,0.0220386682975751,0.00048334898740543
uniform_basin,9.4,0.0194779050691394,0.00037973574028638
uniform_basin,9.6,0.0171872583317797,0.000297197146051698
uniform_basin,9.8,0.0151442060870262,0.000231798729872335
uniform_basin,10,0.0133267876866713,0.000180231719010937
uniform_basin,10.2,0.0117139208640238,0.000139747756424669
uniform_basin,10.4,0.0102856309186493,0.000108088773197679
uniform_basin,10.6,0.00902320316570788,8.3417312520595e-05
uniform_basin,10.8,0.00790927081150298,6.42508317516555e-05
uniform_basin,11,0.0069278503862169,4.94020720083199e-05
uniform_basin,11.2,0.00606433609706898,3.79264934931012e-05
uniform_basin,11.4,0.00530546325377346,2.90770008690711e-05
uniform_basin,11.6,0.00463924949458364,2.22656754387263e-05
uniform_basin,11.8,0.00405492107281447,1.70319279075848e-05
uniform_basin,12,0.00354283006225104,1.30163371634406e-05
uniform_basin,12.2,0.00309436707210533,9.93939354443363e-06
uniform_basin,12.4,0.00270187296040553,7.58438731551792e-06
uniform_basin,12.6,0.00235855210818897,5.78374255133518e-06
uniform_basin,12.8,0.00205838905888324,4.40817671676363e-06
uniform_basin,13,0.00179606972275118,3.35815199803413e-06
uniform_basin,13.2,0.00156690787553899,2.55716719976817e-06
uniform_basin,13.4,0.00136677732264068,1.94651725915485e-06
uniform_basin,13.6,0.00119204983542583,1.48121413445779e-06
uniform_basin,13.8,0.00103953877631068,1.12682253239349e-06
uniform_basin,14,0.000906448198182391,8.57011646537842e-07
uniform_basin,14.2,0.000790327118255395,6.51665864159767e-07
uniform_basin,14.4,0.000689028615419893,4.95429715474671e-07
uniform_basin,14.6,0.000600673374828248,3.76589585515674e-07
uniform_basin,14.8,0.000523617296504465,2.86215249278854e-07
uniform_basin,15,0.000456422791044658,2.17502037047623e-07
uniform_basin,15.2,0.000397833400329066,1.65267259877311e-07
uniform_basin,15.4,0.000346751401893361,1.25565235764569e-07
uniform_basin,15.6,0.000302218079357991,9.53929346625415e-08
uniform_basin,15.8,0.00026339636671572,7.24655693229437e-08
uniform_basin,16,0.000229555600040983,5.50452798897538e-08
uniform_basin,16.2,0.000200058135150676,4.1810432227507e-08
uniform_basin,16.4,0.000174347613959499,3.1756189899923e-08
uniform_basin,16.6,0.000151938684753496,2.4118731678513e-08
uniform_basin,16.8,0.000132408002569899,1.83174360124383e-08
uniform_basin,17,0.000115386355121961,1.39111053787389e-08
uniform_basin,17.2,0.000100551777124279,1.05644462067289e-08
uniform_basin,17.4,8.76235317536632e-05,8.02272004385429e-09
uniform_basin,17.6,7.63568521517494e-05,6.0923872613472e-09
uniform_basin,17.8,6.65383485943323e-05,4.62644367260623e-09
uniform_basin,18,5.79819982484248e-05,3.51317130942164e-09
uniform_basin,18.2,5.05256445843962e-05,2.66775002089048e-09
uniform_basin,18.4,4.40279423529258e-05,2.02574090835128e-09
uniform_basin,18.6,3.83656919190842e-05,1.53824530890745e-09
uniform_basin,18.8,3.34315138018129e-05,1.1680374445433e-09
uniform_basin,19,2.91318202280765e-05,8.86916762254941e-10
uniform_basin,19.2,2.53850460671799e-05,6.73463063094459e-10
uniform_basin,19.4,2.21201061130187e-05,5.11370945588396e-10
uniform_basin,19.6,1.92750499106004e-05,3.88318710520252e-10
uniform_basin,19.8,1.67958888902838e-05,2.94860358351912e-10
uniform_basin,20,1.46355739069947e-05,2.2390023168839e-10
uniform_basin,20.2,1.27531038441743e-05,1.70022662615565e-10
uniform_basin,20.4,1.11127486118701e-05,1.29095178991179e-10
uniform_basin,20.6,9.68337184578087e-06,9.80182601750812e-11
uniform_basin,20.8,8.43784055915447e-06,7.44351247305985e-11
uniform_basin,21,7.35251060743639e-06,5.65270052987898e-11
uniform_basin,21.2,6.40677822053015e-06,4.29509761090685e-11
uniform_basin,21.4,5.58268916385423e-06,3.26447757714732e-11
uniform_basin,21.6,4.86459810572201e-06,2.48268072766678e-11
uniform_basin,21.8,4.23887175152474e-06,1.88968840575399e-11
uniform_basin,22,3.69363014970194e-06,1.43931533358455e-11
uniform_basin,22.2,3.21852123100062e-06,1.09630082789636e-11
uniform_basin,22.4,2.80452433247755e-06,8.3668627581801e-12
uniform_basin,22.6,2.44377899195683e-06,6.40354436143298e-12
uniform_basin,22.8,2.12943573112938e-06,4.88564744216546e-12
uniform_basin,23,1.85552605090111e-06,3.731903674975e-12
uniform_basin,23.2,1.61684912876398e-06,2.86282109129843e-12
uniform_basin,23.4,1.40887306921002e-06,2.18891571535096e-12
uniform_basin,23.6,1.22764889824492e-06,1.67155178587564e-12
uniform_basin,23.8,1.06973556893883e-06,1.27409194305983e-12
uniform_basin,24,9.32134642503559e-07,1.01652020134679e-12
uniform_basin,24.2,8.12233357418804e-07,8.17568235333965e-13
uniform_basin,24.4,7.07755021034373e-07,6.47037978751541e-13
uniform_basin,24.6,6.16715788923814e-07,5.2913229353635e-13
uniform_basin,24.8,5.37386987780287e-07,4.53637127861839e-13
uniform_basin,25,4.68262310781827e-07,3.73034936274053e-13
uniform_basin,25.2,4.08029199758096e-07,3.29292149103821e-13
uniform_basin,25.4,3.55543923757041e-07,2.76889622341514e-13
uniform_basin,25.6,3.09809882036672e-07,2.33368879776208e-13
uniform_basin,25.8,2.69958658297592e-07,1.93400850889702e-13
uniform_basin,26,2.35233536934419e-07,1.765254609154e-13
uniform_basin,26.2,2.04975149374255e-07,1.67643676718399e-13
uniform_basin,26.4,1.78608931863798e-07,1.33226762955019e-13
uniform_basin,26.6,1.55634234553985e-07,1.08801856413265e-13
uniform_basin,26.8,1.35614797383116e-07,1.0325074129014e-13
uniform_basin,27,1.1817048720839e-07,9.1926466438963e-14
uniform_basin,27.2,1.02970061199859e-07,9.34807786734382e-14
uniform_basin,27.4,8.97248797248588e-08,8.94839757847876e-14
uniform_basin,27.6,7.81834451784854e-08,6.59472476627343e-14
uniform_basin,27.8,6.81266007087154e-08,6.55031584528842e-14
uniform_basin,28,5.93633830659497e-08,5.95079541199084e-14
uniform_basin,28.2,5.17273881754581e-08,7.57172102794357e-14
uniform_basin,28.4,4.50736200088988e-08,6.75015598972095e-14
uniform_basin,28.6,3.92757394779578e-08,5.75095526755831e-14
uniform_basin,28.8,3.42236466797564e-08,5.04041253179821e-14
uniform_basin,29,2.98214123103204e-08,3.77475828372553e-14
uniform_basin,29.2,2.59854418757497e-08,4.66293670342566e-14
uniform_basin,29.4,2.26428983954454e-08,3.86357612569554e-14
uniform_basin,29.6,1.97303098668997e-08,3.99680288865056e-14
uniform_basin,29.8,1.71923709683868e-08,2.66453525910038e-14
uniform_basin,30,1.49808941699172e-08,4.2854608750531e-14
uniform_basin,30.2,1.30538781100376e-08,7.19424519957101e-14
uniform_basin,30.4,1.13747385282733e-08,8.28226376370367e-14
uniform_basin,30.6,9.91159198721351e-09,9.52571355128384e-14
uniform_basin,30.8,8.63664890189759e-09,9.72555369571637e-14
uniform_basin,31,7.52570651556773e-09,1.03472785895065e-13
uniform_basin,31.2,6.55766091866835e-09,9.30366894635881e-14
uniform_basin,31.4,5.71413964975252e-09,7.37188088351104e-14
uniform_basin,31.6,4.97912419481962e-09,8.54871728961371e-14
uniform_basin,31.8,4.33865410849683e-09,7.97140131680862e-14
uniform_basin,32,3.78056848253883e-09,7.28306304154103e-14
uniform_basin,32.2,3.29426731507522e-09,5.88418203051333e-14
uniform_basin,32.4,2.87052007602303e-09,8.30446822419617e-14
uniform_basin,32.6,2.50128048390489e-09,8.81517081552374e-14
uniform_basin,32.8,2.1795359800584e-09,6.88338275267597e-14
uniform_basin,33,1.89918217409856e-09,5.90638649100583e-14
uniform_basin,33.2,1.6548879211431e-09,3.70814490224802e-14
uniform_basin,33.4,1.44201687725168e-09,5.06261699229071e-14
uniform_basin,33.6,1.25652487975873e-09,4.86277684785819e-14
uniform_basin,33.8,1.09489631980758e-09,4.68514116391816e-14
uniform_basin,34,9.54057603387351e-10,5.90638649100583e-14
uniform_basin,34.2,8.31338346116589e-10,7.32747196252603e-14
uniform_basin,34.4,7.24402254555881e-10,9.83657599817889e-14
uniform_basin,34.6,6.31221082713015e-10,9.25926002537381e-14
uniform_basin,34.8,5.50028941983059e-10,1.08357767203415e-13
uniform_basin,35,4.79275689311159e-10,1.05249142734465e-13
uniform_basin,35.2,4.17626643793505e-10,7.0832228971085e-14
uniform_basin,35.4,3.63904729449553e-10,9.48130463029884e-14
uniform_basin,35.6,3.1709346259845e-10,1.06137321154165e-13
uniform_basin,35.8,2.76304740783124e-10,8.65973959207622e-14
uniform_basin,36,2.40764459538835e-10,8.88178419700125e-14
uniform_basin,36.2,2.09793063038769e-10,8.59312621059871e-14
uniform_basin,36.4,1.8280849056751e-10,1.03472785895065e-13
uniform_basin,36.6,1.59294868231747e-10,9.1926466438963e-14
uniform_basin,36.8,1.38806298326755e-10,8.77076189453874e-14
uniform_basin,37,1.20951175975355e-10,9.9031893796564e-14
uniform_basin,37.2,1.05391448492286e-10,1.02806652080289e-13
uniform_basin,37.4,9.18350074348502e-11,1.04805053524615e-13
uniform_basin,37.6,8.00218210408438e-11,1.0991207943789e-13
uniform_basin,37.8,6.97275965037167e-11,1.16129328375791e-13
uniform_basin,38,6.07597860913245e-11,1.14130926931466e-13
uniform_basin,38.2,5.29445055048945e-11,1.17017506795491e-13
uniform_basin,38.4,4.61326999992719e-11,1.27675647831893e-13
uniform_basin,38.6,4.01986572683947e-11,1.24122934153093e-13
uniform_basin,38.8,3.50303470441597e-11,1.3855583347322e-13
uniform_basin,39,3.05216086322963e-11,1.70974345792274e-13
uniform_basin,39.2,2.65957519165589e-11,1.72306613421824e-13
uniform_basin,39.4,2.31750539811247e-11,1.90736315630602e-13
uniform_basin,39.6,2.01939766078664e-11,1.77191594730175e-13
uniform_basin,39.8,1.759791289299e-11,1.72084568816899e-13
uniform_basin,40,1.53339519444535e-11,1.765254609154e-13
uniform_basin,40.2,1.33649290465075e-11,1.61204383175573e-13
uniform_basin,40.4,1.16449569285605e-11,1.65867319878998e-13
uniform_basin,40.6,1.01478153365744e-11,1.77635683940025e-13
uniform_basin,40.8,8.84246185045275e-12,1.60538249360798e-13
uniform_basin,41,7.70509241205574e-12,1.60538249360798e-13
uniform_basin,41.2,6.71316511152417e-12,1.88959958791202e-13
uniform_basin,41.4,5.85196218968289e-12,1.96509475358653e-13
uniform_basin,41.6,5.09939751244073e-12,1.98285832198053e-13
uniform_basin,41.8,4.44198040922871e-12,1.71862524211974e-13
uniform_basin,42,3.87369814587663e-12,1.53876911213047e-13
uniform_basin,42.2,3.37508237731978e-12,1.40998324127395e-13
uniform_basin,42.4,2.94100416534835e-12,1.25011112572793e-13
uniform_basin,42.6,2.56129474354862e-12,1.0635936575909e-13
uniform_basin,42.8,2.23150737654303e-12,7.57172102794357e-14
uniform_basin,43,1.94543358031228e-12,6.3948846218409e-14
uniform_basin,43.2,1.69342171864098e-12,5.21804821573824e-14
uniform_basin,43.4,1.47398175536451e-12,6.01740879346835e-14
uniform_basin,43.6,1.28813918596088e-12,5.83977310952832e-14
uniform_basin,43.8,1.12067665089386e-12,2.24265050974282e-14
uniform_basin,44,9.76002904227052e-13,1.4210854715202e-14
uniform_basin,44.2,8.49209591535782e-13,-1.99840144432528e-15
uniform_basin,44.4,7.41852485874299e-13,-3.10862446895044e-15
uniform_basin,44.6,6.46642096594076e-13,-1.88737914186277e-14
uniform_basin,44.8,5.64025434544503e-13,-3.13082892944294e-14
uniform_basin,45,4.89677012388849e-13,-3.15303338993544e-14
uniform_basin,45.2,4.26349014572368e-13,-4.30766533554561e-14
uniform_basin,45.4,3.70313429043952e-13,-4.37427871702312e-14
uniform_basin,45.6,3.24072640068314e-13,-2.44249065417534e-14
uniform_basin,45.8,2.83603550000958e-13,-3.04201108747293e-14
uniform_basin,46,2.43807897847223e-13,-2.48689957516035e-14
uniform_basin,46.2,2.13345423199186e-13,-2.62012633811537e-14
uniform_basin,46.4,1.88315737272965e-13,-4.15223411209809e-14
uniform_basin,46.6,1.64169847307137e-13,-3.39728245535298e-14
uniform_basin,46.8,1.43738822014496e-13,-3.68594044175552e-14
uniform_basin,47,1.25699158684106e-13,-4.01900734914307e-14
uniform_basin,47.2,1.08571046889725e-13,-6.43929354282591e-15
uniform_basin,47.4,9.58823663740747e-14,6.66133814775094e-16
uniform_basin,47.6,8.40979332955864e-14,-3.99680288865056e-14
uniform_basin,47.8,7.42666162485768e-14,-4.90718576884319e-14
uniform_basin,48,6.8248038799293e-14,-3.21964677141295e-14
uniform_basin,48.2,5.99797989053741e-14,-3.68594044175552e-14
uniform_basin,48.4,5.26976123556946e-14,-4.81836792687318e-14
uniform_basin,48.6,4.59369384636351e-14,-4.59632332194815e-14
uniform_basin,48.8,4.0618093683819e-14,-3.68594044175552e-14
uniform_basin,49,3.44037663854567e-14,-4.9960036108132e-14
uniform_basin,49.2,3.18210370334339e-14,-5.6621374255883e-14
uniform_basin,49.4,2.71318055741619e-14,-6.3948846218409e-14
uniform_basin,49.6,2.38814815875948e-14,-7.21644966006352e-14
uniform_basin,49.8,2.07611705604904e-14,-7.061018436616e-14
uniform_basin,50,1.82456389178529e-14,-4.75175454539567e-14
uniform_basin,50.2,1.42210804535867e-14,-3.26405569239796e-14
uniform_basin,50.4,1.15200247002552e-14,-3.97459842815806e-14
uniform_basin,50.6,1.13052841941764e-14,-2.33146835171283e-14
uniform_basin,50.8,1.13257356709458e-14,-1.22124532708767e-14
uniform_basin,51,1.15287896188707e-14,-1.13242748511766e-14
uniform_basin,51.2,1.13082058337149e-14,3.33066907387547e-15
uniform_basin,51.4,1.12483122231759e-14,1.66533453693773e-14
uniform_basin,51.6,1.10773963101744e-14,2.64233079860787e-14
uniform_basin,51.8,1.21321081835683e-14,5.50670620214078e-14
uniform_basin,52,1.24797832886483e-14,9.2370555648813e-14
uniform_basin,52.2,1.24520277130327e-14,9.28146448586631e-14
uniform_basin,52.4,1.23439270501086e-14,9.34807786734382e-14
uniform_basin,52.6,1.24096639397246e-14,1.0724754417879e-13
uniform_basin,52.8,1.14601310897163e-14,1.19015908239817e-13
uniform_basin,53,1.25528242771105e-14,1.46771483855446e-13
uniform_basin,53.2,1.12220174673295e-14,1.49213974509621e-13
uniform_basin,53.4,1.12526946824837e-14,1.62314606200198e-13
uniform_basin,53.6,1.25878839515723e-14,1.7696955012525e-13
uniform_basin,53.8,1.24491060734942e-14,1.99618099827603e-13
uniform_basin,54,1.17917371773346e-14,2.07611705604904e-13
uniform_basin,54.2,1.1296519275561e-14,2.16049400592055e-13
uniform_basin,54.4,1.10350325368664e-14,2.26485497023532e-13
uniform_basin,54.6,1.12775286185608e-14,2.41140440948584e-13
uniform_basin,54.8,1.13213532116381e-14,2.41584530158434e-13
uniform_basin,55,1.23935949222629e-14,2.5024426975051e-13
uniform_basin,55.2,1.22036883522613e-14,2.4802382370126e-13
uniform_basin,55.4,1.17099312702569e-14,2.8466118351389e-13
uniform_basin,55.6,1.16821756946413e-14,2.97317725994617e-13
uniform_basin,55.8,1.15331720781784e-14,3.1952218648712e-13
uniform_basin,56,1.17742073401036e-14,3.38618022510673e-13
uniform_basin,56.2,1.16777932353336e-14,3.39728245535298e-13
uniform_basin,56.4,1.16675674969489e-14,3.52828877225875e-13
uniform_basin,56.6,1.1398776659408e-14,3.68816088780477e-13
uniform_basin,56.8,1.15317112584092e-14,3.82360809680904e-13
uniform_basin,57,1.25148429631102e-14,4.15001366604884e-13
uniform_basin,57.2,1.14060807582542e-14,4.16333634234434e-13
uniform_basin,57.4,1.23906732827244e-14,4.44755343664838e-13
uniform_basin,57.6,1.10598664729435e-14,4.48974191158413e-13
uniform_basin,57.8,1.24680967304944e-14,4.57189841540639e-13
uniform_basin,58,1.16953230725645e-14,4.64961402713016e-13
uniform_basin,58.2,1.24067423001861e-14,4.83169060316868e-13
uniform_basin,58.4,1.16953230725645e-14,5.08926234488172e-13
uniform_basin,58.6,1.24228113176478e-14,5.45119505090952e-13
uniform_basin,58.8,1.17902763575653e-14,5.50004486399303e-13
uniform_basin,59,1.17800506191806e-14,5.69544411632705e-13
uniform_basin,59.2,1.15638492933326e-14,5.77093928200156e-13
uniform_basin,59.4,1.13301181302536e-14,5.90860693705508e-13
uniform_basin,59.6,1.09853646647121e-14,6.0151883474191e-13
uniform_basin,59.8,1.13155099325611e-14,6.17284001691587e-13
uniform_basin,60,1.22314439278769e-14,6.19504447740837e-13
uniform_basin,60.2,1.1350569607023e-14,6.29274410357539e-13
uniform_basin,60.4,1.12746069790223e-14,6.42819131257966e-13
uniform_basin,60.6,1.13549520663307e-14,6.55919762948542e-13
uniform_basin,60.8,1.22942591779544e-14,6.60582699651968e-13
uniform_basin,61,1.23599960675703e-14,6.63247234911069e-13
uniform_basin,61.2,1.24987739456485e-14,6.81232847909996e-13
uniform_basin,61.4,1.2484165747956e-14,6.93445301180873e-13
uniform_basin,61.6,1.12687636999453e-14,6.96775970254748e-13
uniform_basin,61.8,1.12804502580993e-14,7.08544334315775e-13
uniform_basin,62,1.12103309091756e-14,7.23421322845752e-13
uniform_basin,62.2,1.22796509802619e-14,7.25863813499927e-13
uniform_basin,62.4,1.14411404327161e-14,7.34079463882154e-13
uniform_basin,62.6,1.16573417585641e-14,7.44293515708705e-13
uniform_basin,62.8,1.23906732827244e-14,7.92255150372512e-13
uniform_basin,63,1.17479125842572e-14,8.1912254756844e-13
uniform_basin,63.2,1.12015659905601e-14,8.28226376370367e-13
uniform_basin,63.4,1.12673028801761e-14,8.39994740431393e-13
uniform_basin,63.6,1.12804502580993e-14,8.50652881467795e-13
uniform_basin,63.8,1.13286573104843e-14,8.63753513158372e-13
uniform_basin,64,1.09678348274812e-14,8.72635297355373e-13
uniform_basin,64.2,1.10730138508667e-14,8.835154829967e-13
uniform_basin,64.4,1.21101958870297e-14,9.13047415451729e-13
uniform_basin,64.6,1.2435958695571e-14,9.27924403981706e-13
uniform_basin,64.8,1.13301181302536e-14,9.35473920549157e-13
uniform_basin,65,1.1344726327946e-14,9.48352507634809e-13
uniform_basin,65.2,1.13520304267922e-14,9.6034291630076e-13
uniform_basin,65.4,1.21364906428761e-14,9.74109681806112e-13
uniform_basin,65.6,1.17186961888724e-14,1.01074704161874e-12
uniform_basin,65.8,1.15331720781784e-14,1.02118313805022e-12
uniform_basin,66,1.12833718976378e-14,1.03717034960482e-12
uniform_basin,66.2,1.13023625546379e-14,1.04893871366585e-12
uniform_basin,66.4,1.12176350080218e-14,1.06337161298597e-12
uniform_basin,66.6,1.10496407345588e-14,1.07180930797313e-12
uniform_basin,66.8,1.18457875087966e-14,1.09356967925578e-12
uniform_basin,67,1.16485768399487e-14,1.09490194688533e-12
uniform_basin,67.2,1.16792540551028e-14,1.11421982751381e-12
uniform_basin,67.4,1.12892151767148e-14,1.12954090525363e-12
uniform_basin,67.6,1.10160418798662e-14,1.14130926931466e-12
uniform_basin,67.8,1.13125882930226e-14,1.15796261468404e-12
uniform_basin,68,1.13111274732534e-14,1.16839871111551e-12
uniform_basin,68.2,1.09634523681734e-14,1.17816867373222e-12
uniform_basin,68.4,1.21087350672604e-14,1.18149934280609e-12
uniform_basin,68.6,1.25236078817256e-14,1.20148335724934e-12
uniform_basin,68.8,1.24754008293406e-14,1.20214949106412e-12
uniform_basin,69,1.14119240373312e-14,1.19526610831144e-12
uniform_basin,69.2,1.24491060734942e-14,1.22257759471722e-12
uniform_basin,69.4,1.16661066771796e-14,1.22013510406305e-12
uniform_basin,69.6,1.15653101131018e-14,1.24256160916048e-12
uniform_basin,69.8,1.17669032412574e-14,1.2756462552943e-12
uniform_basin,70,1.1794658816873e-14,1.29563026973756e-12
uniform_basin,70.2,1.24184288583401e-14,1.30095934025576e-12
uniform_basin,70.4,1.22226790092614e-14,1.29785071578681e-12
uniform_basin,70.6,1.17742073401036e-14,1.31339383813156e-12
uniform_basin,70.8,1.13637169849462e-14,1.32294175614334e-12
uniform_basin,71,1.12673028801761e-14,1.33559829862406e-12
uniform_basin,71.2,1.20897444102603e-14,1.35580435767224e-12
uniform_basin,71.4,1.25075388642639e-14,1.39377398511442e-12
uniform_basin,71.6,1.14966515839473e-14,1.39332989590457e-12
uniform_basin,71.8,1.14133848571005e-14,1.41286982113797e-12
uniform_basin,72,1.25002347654177e-14,1.43729472767973e-12
uniform_basin,72.2,1.24038206606476e-14,1.44462219964225e-12
uniform_basin,72.4,1.25104605038024e-14,1.47060141841848e-12
uniform_basin,72.6,1.25148429631102e-14,1.48436818392383e-12
uniform_basin,72.8,1.13140491127919e-14,1.48259182708443e-12
uniform_basin,73,1.12702245197146e-14,1.49436019114546e-12
uniform_basin,73.2,1.22153749104152e-14,1.49724677100949e-12
uniform_basin,73.4,1.10452582752511e-14,1.50612855520649e-12
uniform_basin,73.6,1.16777932353336e-14,1.50812695665081e-12
uniform_basin,73.8,1.24491060734942e-14,1.53166368477287e-12
uniform_basin,74,1.24344978758018e-14,1.53299595240242e-12
uniform_basin,74.2,1.24812441084176e-14,1.54609658409299e-12
uniform_basin,74.4,1.13607953454077e-14,1.54698476251269e-12
uniform_basin,74.6,1.22343655674154e-14,1.55164769921612e-12
uniform_basin,74.8,1.13082058337149e-14,1.55320201145059e-12
uniform_basin,75,1.09985120426353e-14,1.563860152487e-12
uniform_basin,75.2,1.09780605658659e-14,1.5745182935234e-12
uniform_basin,75.4,1.21759327766456e-14,1.58095758706622e-12
uniform_basin,75.6,1.15989089677944e-14,1.61515245622468e-12
uniform_basin,75.8,1.16588025783334e-14,1.63646873829748e-12
uniform_basin,76,1.13827076419463e-14,1.66466840312296e-12
uniform_basin,76.2,1.12935976360225e-14,1.68087765928249e-12
uniform_basin,76.4,1.10730138508667e-14,1.69131375571396e-12
uniform_basin,76.6,1.12862935371763e-14,1.69575464781246e-12
uniform_basin,76.8,1.22840334395697e-14,1.71529457304587e-12
uniform_basin,77,1.17479125842572e-14,1.71418435002124e-12
uniform_basin,77.2,1.1632507822487e-14,1.72173386658869e-12
uniform_basin,77.4,1.14718176478702e-14,1.73261405223002e-12
uniform_basin,77.6,1.15872224096405e-14,1.74593672852552e-12
uniform_basin,77.8,1.24257329571863e-14,1.76836323362295e-12
uniform_basin,78,1.25791190329569e-14,1.78701498043665e-12
uniform_basin,78.2,1.14323755141006e-14,1.78523862359725e-12
uniform_basin,78.4,1.14820433862549e-14,1.79878334449768e-12
uniform_basin,78.6,1.23658393466473e-14,1.82631687550838e-12
uniform_basin,78.8,1.23293188524162e-14,1.82764914313793e-12
uniform_basin,79,1.2603952969034e-14,1.85274018349446e-12
uniform_basin,79.2,1.16617242178719e-14,1.85074178205014e-12
uniform_basin,79.4,1.13301181302536e-14,1.86695103820966e-12
uniform_basin,79.6,1.11986443510216e-14,1.87827531306084e-12
uniform_basin,79.8,1.13125882930226e-14,1.89026572172679e-12
uniform_basin,80,1.12833718976378e-14,1.90225613039274e-12
ordered_basin,0,0.500603568756714,0.0393481238135915
ordered_basin,0.2,0.503579319793362,0.0390320743412056
ordered_basin,0.4,0.506542009215623,0.038713147666968
ordered_basin,0.6,0.509507863938518,0.0383881892325533
ordered_basin,0.8,0.512483853068019,0.0380567011622255
ordered_basin,1,0.515472009399739,0.0377190131127818
ordered_basin,1.2,0.518471654813461,0.0373757538975659
ordered_basin,1.4,0.521480582929989,0.0370276892648957
ordered_basin,1.6,0.524495703627884,0.0366756676422257
ordered_basin,1.8,0.527513403224771,0.0363205981040482
ordered_basin,2,0.530529752289081,0.0359634377105629
ordered_basin,2.2,0.533540631173797,0.0356051812235367
ordered_basin,2.4,0.536541810970006,0.0352468510725401
ordered_basin,2.6,0.539529010270888,0.034889486981488
ordered_basin,2.8,0.542497938765722,0.0345341351756809
ordered_basin,3,0.545444333564222,0.0341818372746165
ordered_basin,3.2,0.548363991339032,0.033833619051743
ordered_basin,3.4,0.551252797824657,0.0334904792766022
ordered_basin,3.6,0.554106755358756,0.0331533788688516
ordered_basin,3.8,0.556922008687264,0.0328232305949003
ordered_basin,4,0.559694869008694,0.0325008895284393
ordered_basin,4.2,0.562421836111174,0.0321871444779456
ordered_basin,4.4,0.565099618406524,0.0318827105583099
ordered_basin,4.6,0.567725150658919,0.0315882230511235
ordered_basin,4.8,0.570295609225095,0.031304232660917
ordered_basin,5,0.572808424657849,0.0310312022338883
ordered_basin,5.2,0.575261291568817,0.0307695049637682
ordered_basin,5.4,0.577652175695452,0.0305194240678168
ordered_basin,5.6,0.579979318167896,0.0302811538764431
ordered_basin,5.8,0.582241237021413,0.0300548022443963
ordered_basin,6,0.584436726047387,0.0298403941605547
ordered_basin,6.2,0.586564851119125,0.029637876408823
ordered_basin,6.4,0.588624944166459,0.029447123114281
ordered_basin,6.6,0.590616595004847,0.0292679419976636
ordered_basin,6.8,0.592539641249573,0.029100081156503
ordered_basin,7,0.594394156563585,0.0289432361931052
ordered_basin,7.2,0.596180437498572,0.0287970575169101
ordered_basin,7.4,0.597898989193258,0.0286611576609295
ordered_basin,7.6,0.599550510191115,0.0285351184679481
ordered_basin,7.8,0.601135876632418,0.02841849802079
ordered_basin,8,0.602656126063508,0.0283108372114769
ordered_basin,8.2,0.60411244109009,0.0282116658649925
ordered_basin,8.4,0.605506133082362,0.0281205083545144
ordered_basin,8.6,0.606838626118477,0.0280368886649844
ordered_basin,8.8,0.608111441330045,0.0279603348803446
ordered_basin,9,0.609326181790079,0.027890383086614
ordered_basin,9.2,0.610484518060358,0.0278265806972782
ordered_basin,9.4,0.611588174492341,0.0277684892196066
ordered_basin,9.6,0.612638916354054,0.0277156864902597
ordered_basin,9.8,0.613638537834955,0.0276677684159568
ordered_basin,10,0.614588850962135,0.0276243502601339
ordered_basin,10.2,0.615491675444414,0.0275850675199598
ordered_basin,10.4,0.616348829446088,0.0275495764395941
ordered_basin,10.6,0.617162121279229,0.0275175542057104
ordered_basin,10.8,0.617933341992668,0.0274886988702991
ordered_basin,11,0.618664258826818,0.027462729043781
ordered_basin,11.2,0.619356609496385,0.0274393833987372
ordered_basin,11.4,0.62001209725756,0.0274184200214942
ordered_basin,11.6,0.620632386712302,0.0273996156452572
ordered_basin,11.8,0.621219100299661,0.0273827647948932
ordered_basin,12,0.62177381542272,0.0273676788698898
ordered_basin,12.2,0.622298062159153,0.0273541851884425
ordered_basin,12.4,0.622793321503907,0.0273421260122522
ordered_basin,12.6,0.623261024093493,0.0273313575684293
ordered_basin,12.8,0.623702549363154,0.027321749082202
ordered_basin,13,0.62411922509005,0.0273131818311048
ordered_basin,13.2,0.624512327278263,0.0273055482294697
ordered_basin,13.4,0.624883080343818,0.0272987509495988
ordered_basin,13.6,0.625232657560862,0.0272927020844367
ordered_basin,13.8,0.625562181732925,0.0272873223549976
ordered_basin,14,0.625872726056028,0.027282540364403
ordered_basin,14.2,0.626165315143309,0.0272782918995105
ordered_basin,14.4,0.626440926183538,0.0272745192800823
ordered_basin,14.6,0.626700490208566,0.0272711707548152
ordered_basin,14.8,0.626944893447335,0.0272681999430211
ordered_basin,15,0.627174978746394,0.0272655653202698
ordered_basin,15.2,0.627391547039173,0.0272632297460453
ordered_basin,15.4,0.627595358848353,0.0272611600312527
ordered_basin,15.6,0.627787135807593,0.0272593265432917
ordered_basin,15.8,0.627967562190641,0.0272577028462664
ordered_basin,16,0.628137286437514,0.0272562653740096
ordered_basin,16.2,0.6282969226689,0.0272549931335166
ordered_basin,16.4,0.628447052181249,0.027253867436495
ordered_basin,16.6,0.628588224916259,0.0272528716567939
ordered_basin,16.8,0.628720960899504,0.0272519910115931
ordered_basin,17,0.628845751643966,0.02725121236433
ordered_basin,17.2,0.628963061515008,0.0272505240474543
ordered_basin,17.4,0.629073329054135,0.0272499157031996
ordered_basin,17.6,0.629176968259574,0.0272493781408041
ordered_basin,17.8,0.629274369822171,0.0272489032085408
ordered_basin,18,0.629365902315735,0.0272484836791682
ordered_basin,18.2,0.629451913341319,0.0272481131475568
ordered_basin,18.4,0.629532730625288,0.027247785939182
ordered_basin,18.6,0.6296086630714,0.0272474970284804
ordered_basin,18.8,0.629680001767337,0.0272472419660343
ordered_basin,19,0.629747020946391,0.0272470168136967
ordered_basin,19.2,0.629809978905133,0.0272468180867997
ordered_basin,19.4,0.629869118878135,0.0272466427027618
ordered_basin,19.6,0.629924669870835,0.0272464879353451
ordered_basin,19.8,0.6299768474518,0.0272463513740255
ordered_basin,20,0.630025854505692,0.0272462308878902
ordered_basin,20.2,0.630071881948273,0.0272461245935804
ordered_basin,20.4,0.630115109404878,0.0272460308268736
ordered_basin,20.6,0.630155705853694,0.0272459481174157
ordered_basin,20.8,0.630193830235343,0.0272458751663816
ordered_basin,21,0.630229632030117,0.0272458108266314
ordered_basin,21.2,0.630263251804302,0.0272457540851649
ordered_basin,21.4,0.630294821726936,0.0272457040475327
ordered_basin,21.6,0.630324466058406,0.0272456599240867
ordered_basin,21.8,0.630352301612152,0.0272456210177852
ordered_basin,22,0.630378438190799,0.0272455867133885
ordered_basin,22.2,0.630402978997965,0.0272455564679321
ordered_basin,22.4,0.630426021026943,0.0272455298022873
ordered_basin,22.6,0.630447655427431,0.0272455062936752
ordered_basin,22.8,0.63046796785145,0.0272454855690978
ordered_basin,23,0.630487038779505,0.0272454672994891
ordered_basin,23.2,0.630504943828048,0.0272454511945723
ordered_basin,23.4,0.630521754039229,0.0272454369982948
ordered_basin,23.6,0.6305375361539,0.0272454244848201
ordered_basin,23.8,0.630552352868752,0.0272454134549724
ordered_basin,24,0.630566263078477,0.0272454037330891
ordered_basin,24.2,0.630579322103794,0.0272453951642802
ordered_basin,24.4,0.630591581906066,0.0272453876119536
ordered_basin,24.6,0.630603091289319,0.0272453809556634
ordered_basin,24.8,0.630613896090356,0.0272453750892181
ordered_basin,25,0.630624039357609,0.0272453699189918
ordered_basin,25.2,0.630633561519411,0.0272453653624354
ordered_basin,25.4,0.630642500542271,0.027245361346778
ordered_basin,25.6,0.630650892079723,0.027245357807866
ordered_basin,25.8,0.630658769612312,0.0272453546891429
ordered_basin,26,0.630666164579208,0.0272453519407565
ordered_basin,26.2,0.630673106501956,0.0272453495187592
ordered_basin,26.4,0.6306796231008,0.0272453473844168
ordered_basin,26.6,0.630685740404034,0.027245345503583
ordered_basin,26.8,0.63069148285078,0.0272453438461719
ordered_basin,27,0.630696873387575,0.0272453423856513
ordered_basin,27.2,0.630701933559148,0.027245341098644
ordered_basin,27.4,0.630706683593723,0.0272453399645518
ordered_basin,27.6,0.630711142483155,0.0272453389652136
ordered_basin,27.8,0.63071532805825,0.0272453380846214
ordered_basin,28,0.630719257059496,0.0272453373086716
ordered_basin,28.2,0.630722945203546,0.0272453366249332
ordered_basin,28.4,0.630726407245648,0.0272453360224503
ordered_basin,28.6,0.630729657038294,0.0272453354915732
ordered_basin,28.8,0.630732707586318,0.0272453350237927
ordered_basin,29,0.63073557109864,0.0272453346116104
ordered_basin,29.2,0.63073825903687,0.0272453342484202
ordered_basin,29.4,0.630740782160954,0.0272453339284018
ordered_basin,29.6,0.630743150572047,0.0272453336464256
ordered_basin,29.8,0.630745373752771,0.027245333397971
ordered_basin,30,0.630747460605025,0.0272453331790523
ordered_basin,30.2,0.630749419485492,0.0272453329861542
ordered_basin,30.4,0.630751258238987,0.0272453328161926
ordered_basin,30.6,0.630752984229754,0.0272453326664313
ordered_basin,30.8,0.630754604370876,0.0272453325344755
ordered_basin,31,0.630756125151878,0.0272453324182096
ordered_basin,31.2,0.630757552664645,0.0272453323157698
ordered_basin,31.4,0.630758892627761,0.0272453322255084
ordered_basin,31.6,0.630760150409355,0.027245332145976
ordered_basin,31.8,0.630761331048572,0.0272453320759005
ordered_basin,32,0.630762439275702,0.0272453320141568
ordered_basin,32.2,0.630763479531101,0.0272453319597561
ordered_basin,32.4,0.630764455982945,0.0272453319118242
ordered_basin,32.6,0.630765372543899,0.0272453318695902
ordered_basin,32.8,0.630766232886775,0.0272453318323769
ordered_basin,33,0.630767040459224,0.0272453317995967
ordered_basin,33.2,0.630767798497524,0.0272453317707109
ordered_basin,33.4,0.630768510039535,0.027245331745255
ordered_basin,33.6,0.630769177936867,0.0272453317228296
ordered_basin,33.8,0.63076980486628,0.0272453317030714
ordered_basin,34,0.630770393340405,0.0272453316856651
ordered_basin,34.2,0.630770945717801,0.0272453316703256
ordered_basin,34.4,0.630771464212406,0.0272453316568142
ordered_basin,34.6,0.630771950902391,0.0272453316449073
ordered_basin,34.8,0.630772407738489,0.0272453316344159
ordered_basin,35,0.630772836551807,0.0272453316251722
ordered_basin,35.2,0.630773239061156,0.02724533161703
ordered_basin,35.4,0.630773616879936,0.0272453316098515
ordered_basin,35.6,0.630773971522605,0.0272453316035255
ordered_basin,35.8,0.630774304410737,0.0272453315979553
ordered_basin,36,0.630774616878723,0.0272453315930468
ordered_basin,36.2,0.630774910179107,0.0272453315887198
ordered_basin,36.4,0.630775185487623,0.0272453315849095
ordered_basin,36.6,0.630775443907885,0.0272453315815528
ordered_basin,36.8,0.630775686475821,0.0272453315785934
ordered_basin,37,0.630775914163821,0.0272453315759877
ordered_basin,37.2,0.63077612788463,0.0272453315736858
ordered_basin,37.4,0.630776328495014,0.0272453315716594
ordered_basin,37.6,0.630776516799188,0.0272453315698766
ordered_basin,37.8,0.630776693552035,0.0272453315683068
ordered_basin,38,0.630776859462136,0.027245331566923
ordered_basin,38.2,0.630777015194612,0.0272453315657066
ordered_basin,38.4,0.630777161373779,0.0272453315646306
ordered_basin,38.6,0.630777298585669,0.0272453315636885
ordered_basin,38.8,0.630777427380357,0.0272453315628556
ordered_basin,39,0.63077754827418,0.0272453315621204
ordered_basin,39.2,0.630777661751805,0.0272453315614711
ordered_basin,39.4,0.630777768268166,0.0272453315609
ordered_basin,39.6,0.63077786825029,0.0272453315603935
ordered_basin,39.8,0.630777962099016,0.0272453315599479
ordered_basin,40,0.630778050190592,0.0272453315595631
ordered_basin,40.2,0.630778132878181,0.0272453315592209
ordered_basin,40.4,0.630778210493286,0.0272453315589154
ordered_basin,40.6,0.630778283347076,0.0272453315586492
ordered_basin,40.8,0.63077835173163,0.0272453315584098
ordered_basin,41,0.630778415921113,0.0272453315582013
ordered_basin,41.2,0.630778476172867,0.0272453315580161
ordered_basin,41.4,0.630778532728453,0.027245331557854
ordered_basin,41.6,0.630778585814615,0.0272453315577135
ordered_basin,41.8,0.630778635644179,0.0272453315575898
ordered_basin,42,0.630778682416924,0.0272453315574823
ordered_basin,42.2,0.630778726320368,0.0272453315573844
ordered_basin,42.4,0.630778767530528,0.0272453315572958
ordered_basin,42.6,0.630778806212625,0.0272453315572176
ordered_basin,42.8,0.630778842521745,0.0272453315571497
ordered_basin,43,0.630778876603456,0.0272453315570897
ordered_basin,43.2,0.630778908594404,0.0272453315570396
ordered_basin,43.4,0.630778938622842,0.027245331556994
ordered_basin,43.6,0.630778966809163,0.0272453315569521
ordered_basin,43.8,0.630778993266375,0.027245331556919
ordered_basin,44,0.63077901810055,0.0272453315568917
ordered_basin,44.2,0.630779041411252,0.027245331556865
ordered_basin,44.4,0.630779063291938,0.0272453315568379
ordered_basin,44.6,0.630779083830337,0.0272453315568202
ordered_basin,44.8,0.63077910310879,0.027245331556802
ordered_basin,45,0.630779121204591,0.0272453315567864
ordered_basin,45.2,0.630779138190289,0.0272453315567729
ordered_basin,45.4,0.630779154133984,0.0272453315567607
ordered_basin,45.6,0.630779169099599,0.02724533155675
ordered_basin,45.8,0.630779183147132,0.0272453315567358
ordered_basin,46,0.630779196332909,0.0272453315567287
ordered_basin,46.2,0.630779208709793,0.027245331556724
ordered_basin,46.4,0.630779220327404,0.0272453315567154
ordered_basin,46.6,0.63077923123232,0.0272453315567052
ordered_basin,46.8,0.630779241468264,0.0272453315566994
ordered_basin,47,0.630779251076274,0.0272453315566925
ordered_basin,47.2,0.630779260094871,0.0272453315566865
ordered_basin,47.4,0.630779268560217,0.0272453315566865
ordered_basin,47.6,0.630779276506244,0.0272453315566803
ordered_basin,47.8,0.630779283964815,0.0272453315566781
ordered_basin,48,0.630779290965833,0.0272453315566754
ordered_basin,48.2,0.630779297537367,0.0272453315566719
ordered_basin,48.4,0.630779303705763,0.0272453315566701
ordered_basin,48.6,0.630779309495754,0.0272453315566719
ordered_basin,48.8,0.630779314930553,0.027245331556671
ordered_basin,49,0.630779320031944,0.0272453315566648
ordered_basin,49.2,0.63077932482039,0.0272453315566679
ordered_basin,49.4,0.630779329315081,0.027245331556665
ordered_basin,49.6,0.630779333534041,0.0272453315566625
ordered_basin,49.8,0.630779337494185,0.0272453315566616
ordered_basin,50,0.630779341211388,0.0272453315566576
ordered_basin,50.2,0.630779344700555,0.0272453315566563
ordered_basin,50.4,0.630779347975678,0.0272453315566572
ordered_basin,50.6,0.630779351049884,0.0272453315566563
ordered_basin,50.8,0.6307793539355,0.0272453315566579
ordered_basin,51,0.630779356644095,0.0272453315566559
ordered_basin,51.2,0.630779359186528,0.0272453315566559
ordered_basin,51.4,0.630779361572993,0.027245331556655
ordered_basin,51.6,0.630779363813059,0.0272453315566561
ordered_basin,51.8,0.630779365915703,0.0272453315566519
ordered_basin,52,0.630779367889358,0.0272453315566494
ordered_basin,52.2,0.630779369741936,0.0272453315566439
ordered_basin,52.4,0.630779371480868,0.0272453315566457
ordered_basin,52.6,0.630779373113122,0.0272453315566439
ordered_basin,52.8,0.630779374645244,0.0272453315566425
ordered_basin,53,0.630779376083378,0.0272453315566459
ordered_basin,53.2,0.630779377433285,0.0272453315566441
ordered_basin,53.4,0.630779378700384,0.0272453315566465
ordered_basin,53.6,0.630779379889751,0.0272453315566465
ordered_basin,53.8,0.630779381006155,0.0272453315566483
ordered_basin,54,0.630779382054071,0.0272453315566492
ordered_basin,54.2,0.630779383037702,0.0272453315566483
ordered_basin,54.4,0.63077938396099,0.0272453315566483
ordered_basin,54.6,0.630779384827639,0.0272453315566465
ordered_basin,54.8,0.630779385641122,0.0272453315566463
ordered_basin,55,0.630779386404698,0.0272453315566397
ordered_basin,55.2,0.630779387121433,0.0272453315566386
ordered_basin,55.4,0.6307793877942,0.0272453315566394
ordered_basin,55.6,0.630779388425695,0.0272453315566403
ordered_basin,55.8,0.630779389018449,0.0272453315566374
ordered_basin,56,0.630779389574842,0.0272453315566377
ordered_basin,56.2,0.630779390097099,0.0272453315566323
ordered_basin,56.4,0.630779390587321,0.0272453315566332
ordered_basin,56.6,0.630779391047467,0.0272453315566314
ordered_basin,56.8,0.630779391479385,0.0272453315566306
ordered_basin,57,0.630779391884807,0.0272453315566288
ordered_basin,57.2,0.630779392265358,0.0272453315566279
ordered_basin,57.4,0.630779392622563,0.027245331556627
ordered_basin,57.6,0.630779392957855,0.0272453315566275
ordered_basin,57.8,0.630779393272577,0.0272453315566252
ordered_basin,58,0.630779393567992,0.0272453315566248
ordered_basin,58.2,0.630779393845288,0.0272453315566286
ordered_basin,58.4,0.630779394105572,0.0272453315566303
ordered_basin,58.6,0.630779394349887,0.0272453315566281
ordered_basin,58.8,0.630779394579216,0.0272453315566301
ordered_basin,59,0.630779394794476,0.0272453315566306
ordered_basin,59.2,0.630779394996531,0.0272453315566323
ordered_basin,59.4,0.630779395186191,0.0272453315566306
ordered_basin,59.6,0.630779395364213,0.0272453315566266
ordered_basin,59.8,0.630779395531316,0.0272453315566283
ordered_basin,60,0.630779395688167,0.0272453315566241
ordered_basin,60.2,0.630779395835394,0.027245331556623
ordered_basin,60.4,0.630779395973591,0.0272453315566208
ordered_basin,60.6,0.63077939610331,0.027245331556619
ordered_basin,60.8,0.63077939622507,0.0272453315566177
ordered_basin,61,0.630779396339361,0.0272453315566172
ordered_basin,61.2,0.63077939644664,0.0272453315566152
ordered_basin,61.4,0.630779396547339,0.0272453315566159
ordered_basin,61.6,0.630779396641859,0.0272453315566139
ordered_basin,61.8,0.630779396730581,0.0272453315566137
ordered_basin,62,0.63077939681386,0.0272453315566137
ordered_basin,62.2,0.630779396892032,0.027245331556615
ordered_basin,62.4,0.630779396965405,0.0272453315566112
ordered_basin,62.6,0.630779397034279,0.0272453315566119
ordered_basin,62.8,0.630779397098926,0.0272453315566099
ordered_basin,63,0.63077939715961,0.0272453315566115
ordered_basin,63.2,0.630779397216571,0.0272453315566141
ordered_basin,63.4,0.630779397270036,0.0272453315566137
ordered_basin,63.6,0.630779397320221,0.027245331556611
ordered_basin,63.8,0.630779397367329,0.027245331556611
ordered_basin,64,0.630779397411546,0.027245331556611
ordered_basin,64.2,0.630779397453053,0.0272453315566139
ordered_basin,64.4,0.630779397492011,0.0272453315566132
ordered_basin,64.6,0.630779397528581,0.0272453315566141
ordered_basin,64.8,0.630779397562907,0.0272453315566163
ordered_basin,65,0.63077939759513,0.0272453315566226
ordered_basin,65.2,0.630779397625372,0.0272453315566181
ordered_basin,65.4,0.630779397653761,0.0272453315566195
ordered_basin,65.6,0.630779397680407,0.027245331556619
ordered_basin,65.8,0.630779397705419,0.0272453315566168
ordered_basin,66,0.630779397728896,0.0272453315566148
ordered_basin,66.2,0.630779397750931,0.0272453315566119
ordered_basin,66.4,0.630779397771615,0.0272453315566088
ordered_basin,66.6,0.630779397791029,0.0272453315566052
ordered_basin,66.8,0.63077939780925,0.0272453315566015
ordered_basin,67,0.630779397826357,0.0272453315566037
ordered_basin,67.2,0.630779397842415,0.0272453315566055
ordered_basin,67.4,0.630779397857486,0.0272453315566041
ordered_basin,67.6,0.630779397871633,0.0272453315566044
ordered_basin,67.8,0.630779397884912,0.0272453315566044
ordered_basin,68,0.630779397897379,0.0272453315566092
ordered_basin,68.2,0.63077939790908,0.0272453315566086
ordered_basin,68.4,0.630779397920065,0.0272453315566124
ordered_basin,68.6,0.630779397930376,0.0272453315566155
ordered_basin,68.8,0.630779397940052,0.0272453315566128
ordered_basin,69,0.630779397949136,0.0272453315566146
ordered_basin,69.2,0.630779397957661,0.0272453315566135
ordered_basin,69.4,0.630779397965664,0.0272453315566128
ordered_basin,69.6,0.630779397973176,0.027245331556611
ordered_basin,69.8,0.630779397980228,0.0272453315566128
ordered_basin,70,0.630779397986846,0.0272453315566126
ordered_basin,70.2,0.630779397993058,0.027245331556611
ordered_basin,70.4,0.630779397998891,0.0272453315566148
ordered_basin,70.6,0.630779398004364,0.0272453315566143
ordered_basin,70.8,0.630779398009502,0.0272453315566159
ordered_basin,71,0.630779398014328,0.0272453315566212
ordered_basin,71.2,0.630779398018856,0.0272453315566212
ordered_basin,71.4,0.630779398023107,0.0272453315566208
ordered_basin,71.6,0.630779398027093,0.0272453315566168
ordered_basin,71.8,0.630779398030839,0.0272453315566183
ordered_basin,72,0.630779398034352,0.0272453315566159
ordered_basin,72.2,0.630779398037652,0.0272453315566188
ordered_basin,72.4,0.630779398040748,0.0272453315566172
ordered_basin,72.6,0.630779398043656,0.0272453315566186
ordered_basin,72.8,0.630779398046383,0.0272453315566168
ordered_basin,73,0.630779398048944,0.0272453315566159
ordered_basin,73.2,0.630779398051348,0.0272453315566146
ordered_basin,73.4,0.630779398053607,0.0272453315566203
ordered_basin,73.6,0.630779398055726,0.0272453315566212
ordered_basin,73.8,0.630779398057716,0.0272453315566243
ordered_basin,74,0.630779398059583,0.0272453315566261
ordered_basin,74.2,0.630779398061338,0.0272453315566275
ordered_basin,74.4,0.63077939806298,0.0272453315566241
ordered_basin,74.6,0.630779398064524,0.0272453315566243
ordered_basin,74.8,0.630779398065972,0.0272453315566243
ordered_basin,75,0.630779398067332,0.0272453315566226
ordered_basin,75.2,0.630779398068609,0.0272453315566246
ordered_basin,75.4,0.630779398069811,0.0272453315566297
ordered_basin,75.6,0.630779398070934,0.0272453315566281
ordered_basin,75.8,0.63077939807199,0.0272453315566257
ordered_basin,76,0.630779398072983,0.0272453315566277
ordered_basin,76.2,0.630779398073913,0.0272453315566288
ordered_basin,76.4,0.630779398074787,0.0272453315566266
ordered_basin,76.6,0.630779398075607,0.027245331556625
ordered_basin,76.8,0.630779398076375,0.0272453315566221
ordered_basin,77,0.630779398077098,0.0272453315566248
ordered_basin,77.2,0.630779398077774,0.0272453315566203
ordered_basin,77.4,0.630779398078409,0.027245331556619
ordered_basin,77.6,0.630779398079006,0.0272453315566208
ordered_basin,77.8,0.630779398079566,0.0272453315566223
ordered_basin,78,0.630779398080093,0.027245331556623
ordered_basin,78.2,0.630779398080588,0.0272453315566257
ordered_basin,78.4,0.63077939808105,0.0272453315566237
ordered_basin,78.6,0.630779398081486,0.0272453315566239
ordered_basin,78.8,0.630779398081894,0.0272453315566232
ordered_basin,79,0.630779398082275,0.0272453315566212
ordered_basin,79.2,0.630779398082636,0.0272453315566235
ordered_basin,79.4,0.630779398082975,0.0272453315566259
ordered_basin,79.6,0.630779398083291,0.0272453315566239
ordered_basin,79.8,0.630779398083589,0.0272453315566235
ordered_basin,80,0.630779398083869,0.0272453315566261
critical_small,0,0.0099990094264249,-8.96625278024032e-06
critical_small,0.2,0.0101076490579477,-9.26173838200484e-06
critical_small,0.4,0.0102186377093586,-9.57024151038155e-06
critical_small,0.6,0.0103320520507799,-9.89248401239706e-06
critical_small,0.8,0.0104479717622485,-1.02292341517263e-05
critical_small,1,0.0105664799030042,-1.05813121318299e-05
critical_small,1.2,0.0106876631701665,-1.09495938858117e-05
critical_small,1.4,0.0108116121267027,-1.13350157229242e-05
critical_small,1.6,0.0109384214277196,-1.17385794018432e-05
critical_small,1.8,0.0110681900560385,-1.21613571577583e-05
critical_small,2,0.0112010215717768,-1.26044978259188e-05
critical_small,2.2,0.0113370243784306,-1.30692331397064e-05
critical_small,2.4,0.0114763120073264,-1.35568847055012e-05
critical_small,2.6,0.0116190034221004,-1.40688717893411e-05
critical_small,2.8,0.0117652233449711,-1.46067198203426e-05
critical_small,3,0.0119151026066025,-1.51720695162894e-05
critical_small,3.2,0.0120687785216394,-1.5766687377905e-05
critical_small,3.4,0.012226395292065,-1.63924768821211e-05
critical_small,3.6,0.0123881044408433,-1.70514910156072e-05
critical_small,3.8,0.0125540652784901,-1.77459459878015e-05
critical_small,4,0.01272444540554,-1.84782365879599e-05
critical_small,4.2,0.0128994212540965,-1.92509530134721e-05
critical_small,4.4,0.0130791786721105,-2.00668996792608e-05
critical_small,4.6,0.0132639135542676,-2.09291158541625e-05
critical_small,4.8,0.0134538325239134,-2.18408991310426e-05
critical_small,5,0.0136491536708078,-2.28058309224011e-05
critical_small,5.2,0.0138501073501442,-2.38278052426821e-05
critical_small,5.4,0.0140569370487291,-2.49110610002212e-05
critical_small,5.6,0.0142699003250217,-2.60602177011293e-05
critical_small,5.8,0.0144892698303968,-2.72803156158297e-05
critical_small,6,0.0147153344198671,-2.85768610615023e-05
critical_small,6.2,0.0149484003615097,-2.99558768124264e-05
critical_small,6.4,0.0151887926548295,-3.14239593821597e-05
critical_small,6.6,0.0154368564696751,-3.29883432139688e-05
critical_small,6.8,0.015692958718601,-3.46569731930479e-05
critical_small,7,0.0159574897772256,-3.64385868274475e-05
critical_small,7.2,0.0162308653689713,-3.83428072776582e-05
critical_small,7.4,0.0165135286326254,-4.03802491262262e-05
critical_small,7.6,0.0168059523935807,-4.25626385784916e-05
critical_small,7.8,0.0171086416623221,-4.4902950505854e-05
critical_small,8,0.0174221363868948,-4.74155650520558e-05
critical_small,8.2,0.0177470144897019,-5.01164467441306e-05
critical_small,8.4,0.0180838952231376,-5.3023350500947e-05
critical_small,8.6,0.0184334428834701,-5.61560578113962e-05
critical_small,8.8,0.018796370927853,-5.95366493749694e-05
critical_small,9,0.019173446546,-6.31898203105052e-05
critical_small,9.2,0.0195654957454966,-6.71432444665498e-05
critical_small,9.4,0.0199734090186609,-7.14279986127053e-05
critical_small,9.6,0.020398147669138,-7.60790553919755e-05
critical_small,9.8,0.0208407508885691,-8.11358592818223e-05
critical_small,10,0.0213023436878975,-8.66430012385067e-05
critical_small,10.2,0.0217841458047758,-9.26510107146505e-05
critical_small,10.4,0.0222874817283234,-9.92172886649101e-05
critical_small,10.6,0.0228137920061095,-0.00010640721054811
critical_small,10.8,0.0233646460263423,-0.000114295434052725
critical_small,11,0.0239417565016353,-0.000122967454933232
critical_small,11.2,0.0245469959208687,-0.000132521464919044
critical_small,11.4,0.0251824152837569,-0.000143070578724647
critical_small,11.6,0.0258502654907788,-0.000154745513271326
critical_small,11.8,0.0265530218312282,-0.00016769782468895
critical_small,12,0.0272934120973309,-0.000182103834858172
critical_small,12.2,0.0280744489561141,-0.0001981694159503
critical_small,12.4,0.0288994673375806,-0.000216135847252552
critical_small,12.6,0.0297721677536146,-0.000236287017986836
critical_small,12.8,0.030696666654154,-0.000258958330858761
critical_small,13,0.0316775551651817,-0.00028454776478215
critical_small,13.2,0.0327199678492048,-0.000313529696390091
critical_small,13.4,0.0338296634987804,-0.000346472266822051
critical_small,13.6,0.0350131204384,-0.000384059335603038
critical_small,13.8,0.0362776493962117,-0.000427118407896554
critical_small,14,0.037631527750667,-0.000476656398093578
critical_small,14.2,0.0390841599051084,-0.000533905747628793
critical_small,14.4,0.0406462697582484,-0.000600384334662696
critical_small,14.6,0.0423301328042771,-0.000677973903316698
critical_small,14.8,0.0441498574255644,-0.000769023579746175
critical_small,15,0.0461217275858672,-0.000876487680852911
critical_small,15.2,0.0482646225991464,-0.00100411085340291
critical_small,15.4,0.0506005342210187,-0.00115667920504725
critical_small,15.6,0.0531552073727923,-0.00134036443492658
critical_small,15.8,0.055958938893593,-0.00156320051581016
critical_small,16,0.0590475795570951,-0.00183575156687033
critical_small,16.2,0.0624637991958197,-0.00217205898993056
critical_small,16.4,0.0662586945382961,-0.00259100196627804
critical_small,16.6,0.0704938461844935,-0.00311827841875179
critical_small,16.8,0.0752439675923368,-0.00378933110893742
critical_small,17,0.0806003384141912,-0.00465373579598261
critical_small,17.2,0.0866752812914839,-0.00578188778871525
critical_small,17.4,0.0936080302422108,-0.00727536235456894
critical_small,17.6,0.101572454665415,-0.00928324880625997
critical_small,17.8,0.11078724702387,-0.0120283665785701
critical_small,18,0.12152934492995,-0.0158501074561017
critical_small,18.2,0.134151501759978,-0.0212756973952009
critical_small,18.4,0.149104938504677,-0.0291406985616365
critical_small,18.6,0.166967645805758,-0.0407956104599863
critical_small,18.8,0.188477577902396,-0.0584632039453199
critical_small,19,0.214566463908545,-0.0858562764019846
critical_small,19.2,0.246381884518637,-0.129227353000435
critical_small,19.4,0.285268675814148,-0.199066622918211
critical_small,19.6,0.332651164202626,-0.312542595385316
critical_small,19.8,0.389717515973502,-0.496049652954401
critical_small,20,0.456789083991305,-0.785037231085356
critical_small,20.2,0.532364889397993,-1.2144132135045
critical_small,20.4,0.61222195133185,-1.79209158357643
critical_small,20.6,0.689530601430874,-2.46435894252379
critical_small,20.8,0.756844911018072,-3.11388412414743
critical_small,21,0.809173717888808,-3.62169578973721
critical_small,21.2,0.845716592880839,-3.94147266994553
critical_small,21.4,0.869022939136954,-4.10603691466414
critical_small,21.6,0.882881349559927,-4.17716182848594
critical_small,21.8,0.890714048412502,-4.20385864670946
critical_small,22,0.894987221347217,-4.21286671706784
critical_small,22.2,0.897262618057872,-4.21568556177311
critical_small,22.4,0.898454212259639,-4.2165239555472
critical_small,22.6,0.899071029664481,-4.21676492111728
critical_small,22.8,0.899387687834918,-4.21683244761652
critical_small,23,0.899549271160183,-4.21685094695745
critical_small,23.2,0.899631349891708,-4.21685589102933
critical_small,23.4,0.899672897957032,-4.21685717333245
critical_small,23.6,0.899693872165881,-4.21685749416205
critical_small,23.8,0.899704437360615,-4.21685757137968
critical_small,24,0.899709749998944,-4.21685758935259
critical_small,24.2,0.899712417631681,-4.2168575934582
critical_small,24.4,0.899713755572649,-4.21685759439498
critical_small,24.6,0.899714425970437,-4.21685759461106
critical_small,24.8,0.899714761619366,-4.21685759466165
critical_small,25,0.899714929559297,-4.21685759467367
critical_small,25.2,0.899715013541446,-4.21685759467658
critical_small,25.4,0.899715055519669,-4.21685759467729
critical_small,25.6,0.899715076494477,-4.21685759467744
critical_small,25.8,0.899715086971455,-4.21685759467747
critical_small,26,0.899715092203371,-4.21685759467747
critical_small,26.2,0.899715094815476,-4.21685759467745
critical_small,26.4,0.899715096119369,-4.21685759467744
critical_small,26.6,0.899715096770137,-4.21685759467742
critical_small,26.8,0.899715097094894,-4.21685759467743
critical_small,27,0.899715097256941,-4.21685759467743
critical_small,27.2,0.899715097337793,-4.21685759467744
critical_small,27.4,0.89971509737813,-4.21685759467744
critical_small,27.6,0.899715097398252,-4.21685759467743
critical_small,27.8,0.89971509740829,-4.21685759467744
critical_small,28,0.899715097413297,-4.21685759467742
critical_small,28.2,0.899715097415794,-4.21685759467742
critical_small,28.4,0.899715097417041,-4.21685759467744
critical_small,28.6,0.899715097417662,-4.21685759467743
critical_small,28.8,0.899715097417972,-4.21685759467744
critical_small,29,0.899715097418127,-4.21685759467744
critical_small,29.2,0.899715097418205,-4.21685759467745
critical_small,29.4,0.899715097418243,-4.21685759467744
critical_small,29.6,0.899715097418262,-4.21685759467743
critical_small,29.8,0.899715097418272,-4.21685759467745
critical_small,30,0.899715097418277,-4.21685759467744
critical_small,30.2,0.899715097418278,-4.21685759467742
critical_small,30.4,0.899715097418277,-4.2168575946774
critical_small,30.6,0.899715097418277,-4.21685759467739
critical_small,30.8,0.899715097418277,-4.21685759467738
critical_small,31,0.899715097418277,-4.21685759467739
critical_small,31.2,0.899715097418277,-4.21685759467739
critical_small,31.4,0.899715097418277,-4.21685759467739
critical_small,31.6,0.899715097418277,-4.21685759467739
critical_small,31.8,0.899715097418277,-4.21685759467739
critical_small,32,0.899715097418277,-4.21685759467739
critical_small,32.2,0.899715097418277,-4.21685759467739
critical_small,32.4,0.899715097418277,-4.21685759467739
critical_small,32.6,0.899715097418277,-4.21685759467739
critical_small,32.8,0.899715097418277,-4.21685759467739
critical_small,33,0.899715097418277,-4.21685759467739
critical_small,33.2,0.899715097418277,-4.21685759467739
critical_small,33.4,0.899715097418277,-4.21685759467739
critical_small,33.6,0.899715097418277,-4.21685759467739
critical_small,33.8,0.899715097418277,-4.21685759467739
critical_small,34,0.899715097418277,-4.21685759467739
critical_small,34.2,0.899715097418277,-4.21685759467739
critical_small,34.4,0.899715097418277,-4.21685759467739
critical_small,34.6,0.899715097418277,-4.21685759467739
critical_small,34.8,0.899715097418277,-4.21685759467739
critical_small,35,0.899715097418277,-4.21685759467739
critical_small,35.2,0.899715097418277,-4.21685759467739
critical_small,35.4,0.899715097418277,-4.21685759467739
critical_small,35.6,0.899715097418277,-4.21685759467739
critical_small,35.8,0.899715097418277,-4.21685759467739
critical_small,36,0.899715097418277,-4.21685759467739
critical_small,36.2,0.899715097418277,-4.21685759467739
critical_small,36.4,0.899715097418277,-4.21685759467739
critical_small,36.6,0.899715097418277,-4.21685759467739
critical_small,36.8,0.899715097418277,-4.21685759467739
critical_small,37,0.899715097418277,-4.21685759467739
critical_small,37.2,0.899715097418277,-4.21685759467739
critical_small,37.4,0.899715097418277,-4.21685759467739
critical_small,37.6,0.899715097418277,-4.21685759467739
critical_small,37.8,0.899715097418277,-4.21685759467739
critical_small,38,0.899715097418277,-4.21685759467739
critical_small,38.2,0.899715097418277,-4.21685759467739
critical_small,38.4,0.899715097418277,-4.21685759467739
critical_small,38.6,0.899715097418277,-4.21685759467739
critical_small,38.8,0.899715097418277,-4.21685759467739
critical_small,39,0.899715097418277,-4.21685759467739
critical_small,39.2,0.899715097418277,-4.21685759467739
critical_small,39.4,0.899715097418277,-4.21685759467739
critical_small,39.6,0.899715097418277,-4.21685759467739
critical_small,39.8,0.899715097418277,-4.21685759467739
critical_small,40,0.899715097418277,-4.21685759467739
critical_small,40.2,0.899715097418277,-4.21685759467739
critical_small,40.4,0.899715097418277,-4.21685759467739
critical_small,40.6,0.899715097418277,-4.21685759467739
critical_small,40.8,0.899715097418277,-4.21685759467739
critical_small,41,0.899715097418277,-4.21685759467739
critical_small,41.2,0.899715097418277,-4.21685759467739
critical_small,41.4,0.899715097418277,-4.21685759467739
critical_small,41.6,0.899715097418277,-4.21685759467739
critical_small,41.8,0.899715097418277,-4.21685759467739
critical_small,42,0.899715097418277,-4.21685759467739
critical_small,42.2,0.899715097418277,-4.21685759467739
critical_small,42.4,0.899715097418277,-4.21685759467739
critical_small,42.6,0.899715097418277,-4.21685759467739
critical_small,42.8,0.899715097418277,-4.21685759467739
critical_small,43,0.899715097418277,-4.21685759467739
critical_small,43.2,0.899715097418277,-4.21685759467739
critical_small,43.4,0.899715097418277,-4.21685759467739
critical_small,43.6,0.899715097418277,-4.21685759467739
critical_small,43.8,0.899715097418277,-4.21685759467739
critical_small,44,0.899715097418277,-4.21685759467739
critical_small,44.2,0.899715097418277,-4.21685759467739
critical_small,44.4,0.899715097418277,-4.21685759467739
critical_small,44.6,0.899715097418277,-4.21685759467739
critical_small,44.8,0.899715097418277,-4.21685759467739
critical_small,45,0.899715097418277,-4.21685759467739
critical_small,45.2,0.899715097418277,-4.21685759467739
critical_small,45.4,0.899715097418277,-4.21685759467739
critical_small,45.6,0.899715097418277,-4.21685759467739
critical_small,45.8,0.899715097418277,-4.21685759467739
critical_small,46,0.899715097418277,-4.21685759467739
critical_small,46.2,0.899715097418277,-4.21685759467739
critical_small,46.4,0.899715097418277,-4.21685759467739
critical_small,46.6,0.899715097418277,-4.21685759467739
critical_small,46.8,0.899715097418277,-4.21685759467739
critical_small,47,0.899715097418277,-4.21685759467739
critical_small,47.2,0.899715097418277,-4.21685759467739
critical_small,47.4,0.899715097418277,-4.21685759467739
critical_small,47.6,0.899715097418277,-4.21685759467739
critical_small,47.8,0.899715097418277,-4.21685759467739
critical_small,48,0.899715097418277,-4.21685759467739
critical_small,48.2,0.899715097418277,-4.21685759467739
critical_small,48.4,0.899715097418277,-4.21685759467739
critical_small,48.6,0.899715097418277,-4.21685759467739
critical_small,48.8,0.899715097418277,-4.21685759467739
critical_small,49,0.899715097418277,-4.21685759467739
critical_small,49.2,0.899715097418277,-4.21685759467739
critical_small,49.4,0.899715097418277,-4.21685759467739
critical_small,49.6,0.899715097418277,-4.21685759467739
critical_small,49.8,0.899715097418277,-4.21685759467739
critical_small,50,0.899715097418277,-4.21685759467739
critical_small,50.2,0.899715097418277,-4.21685759467739
critical_small,50.4,0.899715097418277,-4.21685759467739
critical_small,50.6,0.899715097418277,-4.21685759467739
critical_small,50.8,0.899715097418277,-4.21685759467739
critical_small,51,0.899715097418277,-4.21685759467739
critical_small,51.2,0.899715097418277,-4.21685759467739
critical_small,51.4,0.899715097418277,-4.21685759467739
critical_small,51.6,0.899715097418277,-4.21685759467739
critical_small,51.8,0.899715097418277,-4.21685759467739
critical_small,52,0.899715097418277,-4.21685759467739
critical_small,52.2,0.899715097418277,-4.21685759467739
critical_small,52.4,0.899715097418277,-4.21685759467739
critical_small,52.6,0.899715097418277,-4.21685759467739
critical_small,52.8,0.899715097418277,-4.21685759467739
critical_small,53,0.899715097418277,-4.21685759467739
critical_small,53.2,0.899715097418277,-4.21685759467739
critical_small,53.4,0.899715097418277,-4.21685759467739
critical_small,53.6,0.899715097418277,-4.21685759467739
critical_small,53.8,0.899715097418277,-4.21685759467739
critical_small,54,0.899715097418277,-4.21685759467739
critical_small,54.2,0.899715097418277,-4.21685759467739
critical_small,54.4,0.899715097418277,-4.21685759467739
critical_small,54.6,0.899715097418277,-4.21685759467739
critical_small,54.8,0.899715097418277,-4.21685759467739
critical_small,55,0.899715097418277,-4.21685759467739
critical_small,55.2,0.899715097418277,-4.21685759467739
critical_small,55.4,0.899715097418277,-4.21685759467739
critical_small,55.6,0.899715097418277,-4.21685759467739
critical_small,55.8,0.899715097418277,-4.21685759467739
critical_small,56,0.899715097418277,-4.21685759467739
critical_small,56.2,0.899715097418277,-4.21685759467739
critical_small,56.4,0.899715097418277,-4.21685759467739
critical_small,56.6,0.899715097418277,-4.21685759467739
critical_small,56.8,0.899715097418277,-4.21685759467739
critical_small,57,0.899715097418277,-4.21685759467739
critical_small,57.2,0.899715097418277,-4.21685759467739
critical_small,57.4,0.899715097418277,-4.21685759467739
critical_small,57.6,0.899715097418277,-4.21685759467739
critical_small,57.8,0.899715097418277,-4.21685759467739
critical_small,58,0.899715097418277,-4.21685759467739
critical_small,58.2,0.899715097418277,-4.21685759467739
critical_small,58.4,0.899715097418277,-4.21685759467739
critical_small,58.6,0.899715097418277,-4.21685759467739
critical_small,58.8,0.899715097418277,-4.21685759467739
critical_small,59,0.899715097418277,-4.21685759467739
critical_small,59.2,0.899715097418277,-4.21685759467739
critical_small,59.4,0.899715097418277,-4.21685759467739
critical_small,59.6,0.899715097418277,-4.21685759467739
critical_small,59.8,0.899715097418277,-4.21685759467739
critical_small,60,0.899715097418277,-4.21685759467739
critical_small,60.2,0.899715097418277,-4.21685759467739
critical_small,60.4,0.899715097418277,-4.21685759467739
critical_small,60.6,0.899715097418277,-4.21685759467739
critical_small,60.8,0.899715097418277,-4.21685759467739
critical_small,61,0.899715097418277,-4.21685759467739
critical_small,61.2,0.899715097418277,-4.21685759467739
critical_small,61.4,0.899715097418277,-4.21685759467739
critical_small,61.6,0.899715097418277,-4.21685759467739
critical_small,61.8,0.899715097418277,-4.21685759467739
critical_small,62,0.899715097418277,-4.21685759467739
critical_small,62.2,0.899715097418277,-4.21685759467739
critical_small,62.4,0.899715097418277,-4.21685759467739
critical_small,62.6,0.899715097418277,-4.21685759467739
critical_small,62.8,0.899715097418277,-4.21685759467739
critical_small,63,0.899715097418277,-4.21685759467739
critical_small,63.2,0.899715097418277,-4.21685759467739
critical_small,63.4,0.899715097418277,-4.21685759467739
critical_small,63.6,0.899715097418277,-4.21685759467739
critical_small,63.8,0.899715097418277,-4.21685759467739
critical_small,64,0.899715097418277,-4.21685759467739
critical_small,64.2,0.899715097418277,-4.21685759467739
critical_small,64.4,0.899715097418277,-4.21685759467739
critical_small,64.6,0.899715097418277,-4.21685759467739
critical_small,64.8,0.899715097418277,-4.21685759467739
critical_small,65,0.899715097418277,-4.21685759467739
critical_small,65.2,0.899715097418277,-4.21685759467739
critical_small,65.4,0.899715097418277,-4.21685759467739
critical_small,65.6,0.899715097418277,-4.21685759467739
critical_small,65.8,0.899715097418277,-4.21685759467739
critical_small,66,0.899715097418277,-4.21685759467739
critical_small,66.2,0.899715097418277,-4.21685759467739
critical_small,66.4,0.899715097418277,-4.21685759467739
critical_small,66.6,0.899715097418277,-4.21685759467739
critical_small,66.8,0.899715097418277,-4.21685759467739
critical_small,67,0.899715097418277,-4.21685759467739
critical_small,67.2,0.899715097418277,-4.21685759467739
critical_small,67.4,0.899715097418277,-4.21685759467739
critical_small,67.6,0.899715097418277,-4.21685759467739
critical_small,67.8,0.899715097418277,-4.21685759467739
critical_small,68,0.899715097418277,-4.21685759467739
critical_small,68.2,0.899715097418277,-4.21685759467739
critical_small,68.4,0.899715097418277,-4.21685759467739
critical_small,68.6,0.899715097418277,-4.21685759467739
critical_small,68.8,0.899715097418277,-4.21685759467739
critical_small,69,0.899715097418277,-4.21685759467739
critical_small,69.2,0.899715097418277,-4.21685759467739
critical_small,69.4,0.899715097418277,-4.21685759467739
critical_small,69.6,0.899715097418277,-4.21685759467739
critical_small,69.8,0.899715097418277,-4.21685759467739
critical_small,70,0.899715097418277,-4.21685759467739
critical_small,70.2,0.899715097418277,-4.21685759467739
critical_small,70.4,0.899715097418277,-4.21685759467739
critical_small,70.6,0.899715097418277,-4.21685759467739
critical_small,70.8,0.899715097418277,-4.21685759467739
critical_small,71,0.899715097418277,-4.21685759467739
critical_small,71.2,0.899715097418277,-4.21685759467739
critical_small,71.4,0.899715097418277,-4.21685759467739
critical_small,71.6,0.899715097418277,-4.21685759467739
critical_small,71.8,0.899715097418277,-4.21685759467739
critical_small,72,0.899715097418277,-4.21685759467739
critical_small,72.2,0.899715097418277,-4.21685759467739
critical_small,72.4,0.899715097418277,-4.21685759467739
critical_small,72.6,0.899715097418277,-4.21685759467739
critical_small,72.8,0.899715097418277,-4.21685759467739
critical_small,73,0.899715097418277,-4.21685759467739
critical_small,73.2,0.899715097418277,-4.21685759467739
critical_small,73.4,0.899715097418277,-4.21685759467739
critical_small,73.6,0.899715097418277,-4.21685759467739
critical_small,73.8,0.899715097418277,-4.21685759467739
critical_small,74,0.899715097418277,-4.21685759467739
critical_small,74.2,0.899715097418277,-4.21685759467739
critical_small,74.4,0.899715097418277,-4.21685759467739
critical_small,74.6,0.899715097418277,-4.21685759467739
critical_small,74.8,0.899715097418277,-4.21685759467739
critical_small,75,0.899715097418277,-4.21685759467739
critical_small,75.2,0.899715097418277,-4.21685759467739
critical_small,75.4,0.899715097418277,-4.21685759467739
critical_small,75.6,0.899715097418277,-4.21685759467739
critical_small,75.8,0.899715097418277,-4.21685759467739
critical_small,76,0.899715097418277,-4.21685759467739
critical_small,76.2,0.899715097418277,-4.21685759467739
critical_small,76.4,0.899715097418277,-4.21685759467739
critical_small,76.6,0.899715097418277,-4.21685759467739
critical_small,76.8,0.899715097418277,-4.21685759467739
critical_small,77,0.899715097418277,-4.21685759467739
critical_small,77.2,0.899715097418277,-4.21685759467739
critical_small,77.4,0.899715097418277,-4.21685759467739
critical_small,77.6,0.899715097418277,-4.21685759467739
critical_small,77.8,0.899715097418277,-4.21685759467739
critical_small,78,0.899715097418277,-4.21685759467739
critical_small,78.2,0.899715097418277,-4.21685759467739
critical_small,78.4,0.899715097418277,-4.21685759467739
critical_small,78.6,0.899715097418277,-4.21685759467739
critical_small,78.8,0.899715097418277,-4.21685759467739
critical_small,79,0.899715097418277,-4.21685759467739
critical_small,79.2,0.899715097418277,-4.21685759467739
critical_small,79.4,0.899715097418277,-4.21685759467739
critical_small,79.6,0.899715097418277,-4.21685759467739
critical_small,79.8,0.899715097418277,-4.21685759467739
critical_small,80,0.899715097418277,-4.21685759467739
critical_small,80.2,0.899715097418277,-4.21685759467739
critical_small,80.4,0.899715097418277,-4.21685759467739
critical_small,80.6,0.899715097418277,-4.21685759467739
critical_small,80.8,0.899715097418277,-4.21685759467739
critical_small,81,0.899715097418277,-4.21685759467739
critical_small,81.2,0.899715097418277,-4.21685759467739
critical_small,81.4,0.899715097418277,-4.21685759467739
critical_small,81.6,0.899715097418277,-4.21685759467739
critical_small,81.8,0.899715097418277,-4.21685759467739
critical_small,82,0.899715097418277,-4.21685759467739
critical_small,82.2,0.899715097418277,-4.21685759467739
critical_small,82.4,0.899715097418277,-4.21685759467739
critical_small,82.6,0.899715097418277,-4.21685759467739
critical_small,82.8,0.899715097418277,-4.21685759467739
critical_small,83,0.899715097418277,-4.21685759467739
critical_small,83.2,0.899715097418277,-4.21685759467739
critical_small,83.4,0.899715097418277,-4.21685759467739
critical_small,83.6,0.899715097418277,-4.21685759467739
critical_small,83.8,0.899715097418277,-4.21685759467739
critical_small,84,0.899715097418277,-4.21685759467739
critical_small,84.2,0.899715097418277,-4.21685759467739
critical_small,84.4,0.899715097418277,-4.21685759467739
critical_small,84.6,0.899715097418277,-4.21685759467739
critical_small,84.8,0.899715097418277,-4.21685759467739
critical_small,85,0.899715097418277,-4.21685759467739
critical_small,85.2,0.899715097418277,-4.21685759467739
critical_small,85.4,0.899715097418277,-4.21685759467739
critical_small,85.6,0.899715097418277,-4.21685759467739
critical_small,85.8,0.899715097418277,-4.21685759467739
critical_small,86,0.899715097418277,-4.21685759467739
critical_small,86.2,0.899715097418277,-4.21685759467739
critical_small,86.4,0.899715097418277,-4.21685759467739
critical_small,86.6,0.899715097418277,-4.21685759467739
critical_small,86.8,0.899715097418277,-4.21685759467739
critical_small,87,0.899715097418277,-4.21685759467739
critical_small,87.2,0.899715097418277,-4.21685759467739
critical_small,87.4,0.899715097418277,-4.21685759467739
critical_small,87.6,0.899715097418277,-4.21685759467739
critical_small,87.8,0.899715097418277,-4.21685759467739
critical_small,88,0.899715097418277,-4.21685759467739
critical_small,88.2,0.899715097418277,-4.21685759467739
critical_small,88.4,0.899715097418277,-4.21685759467739
critical_small,88.6,0.899715097418277,-4.21685759467739
critical_small,88.8,0.899715097418277,-4.21685759467739
critical_small,89,0.899715097418277,-4.21685759467739
critical_small,89.2,0.899715097418277,-4.21685759467739
critical_small,89.4,0.899715097418277,-4.21685759467739
critical_small,89.6,0.899715097418277,-4.21685759467739
critical_small,89.8,0.899715097418277,-4.21685759467739
critical_small,90,0.899715097418277,-4.21685759467739
critical_small,90.2,0.899715097418277,-4.21685759467739
critical_small,90.4,0.899715097418277,-4.21685759467739
critical_small,90.6,0.899715097418277,-4.21685759467739
critical_small,90.8,0.899715097418277,-4.21685759467739
critical_small,91,0.899715097418277,-4.21685759467739
critical_small,91.2,0.899715097418277,-4.21685759467739
critical_small,91.4,0.899715097418277,-4.21685759467739
critical_small,91.6,0.899715097418277,-4.21685759467739
critical_small,91.8,0.899715097418277,-4.21685759467739
critical_small,92,0.899715097418277,-4.21685759467739
critical_small,92.2,0.899715097418277,-4.21685759467739
critical_small,92.4,0.899715097418277,-4.21685759467739
critical_small,92.6,0.899715097418277,-4.21685759467739
critical_small,92.8,0.899715097418277,-4.21685759467739
critical_small,93,0.899715097418277,-4.21685759467739
critical_small,93.2,0.899715097418277,-4.21685759467739
critical_small,93.4,0.899715097418277,-4.21685759467739
critical_small,93.6,0.899715097418277,-4.21685759467739
critical_small,93.8,0.899715097418277,-4.21685759467739
critical_small,94,0.899715097418277,-4.21685759467739
critical_small,94.2,0.899715097418277,-4.21685759467739
critical_small,94.4,0.899715097418277,-4.21685759467739
critical_small,94.6,0.899715097418277,-4.21685759467739
critical_small,94.8,0.899715097418277,-4.21685759467739
critical_small,95,0.899715097418277,-4.21685759467739
critical_small,95.2,0.899715097418277,-4.21685759467739
critical_small,95.4,0.899715097418277,-4.21685759467739
critical_small,95.6,0.899715097418277,-4.21685759467739
critical_small,95.8,0.899715097418277,-4.21685759467739
critical_small,96,0.899715097418277,-4.21685759467739
critical_small,96.2,0.899715097418277,-4.21685759467739
critical_small,96.4,0.899715097418277,-4.21685759467739
critical_small,96.6,0.899715097418277,-4.21685759467739
critical_small,96.8,0.899715097418277,-4.21685759467739
critical_small,97,0.899715097418277,-4.21685759467739
critical_small,97.2,0.899715097418277,-4.21685759467739
critical_small,97.4,0.899715097418277,-4.21685759467739
critical_small,97.6,0.899715097418277,-4.21685759467739
critical_small,97.8,0.899715097418277,-4.21685759467739
critical_small,98,0.899715097418277,-4.21685759467739
critical_small,98.2,0.899715097418277,-4.21685759467739
critical_small,98.4,0.899715097418277,-4.21685759467739
critical_small,98.6,0.899715097418277,-4.21685759467739
critical_small,98.8,0.899715097418277,-4.21685759467739
critical_small,99,0.899715097418277,-4.21685759467739
critical_small,99.2,0.899715097418277,-4.21685759467739
critical_small,99.4,0.899715097418277,-4.21685759467739
critical_small,99.6,0.899715097418277,-4.21685759467739
critical_small,99.8,0.899715097418277,-4.21685759467739
critical_small,100,0.899715097418277,-4.21685759467739
critical_small,100.2,0.899715097418277,-4.21685759467739
critical_small,100.4,0.899715097418277,-4.21685759467739
critical_small,100.6,0.899715097418277,-4.21685759467739
critical_small,100.8,0.899715097418277,-4.21685759467739
critical_small,101,0.899715097418277,-4.21685759467739
critical_small,101.2,0.899715097418277,-4.21685759467739
critical_small,101.4,0.899715097418277,-4.21685759467739
critical_small,101.6,0.899715097418277,-4.21685759467739
critical_small,101.8,0.899715097418277,-4.21685759467739
critical_small,102,0.899715097418277,-4.21685759467739
critical_small,102.2,0.899715097418277,-4.21685759467739
critical_small,102.4,0.899715097418277,-4.21685759467739
critical_small,102.6,0.899715097418277,-4.21685759467739
critical_small,102.8,0.899715097418277,-4.21685759467739
critical_small,103,0.899715097418277,-4.21685759467739
critical_small,103.2,0.899715097418277,-4.21685759467739
critical_small,103.4,0.899715097418277,-4.21685759467739
critical_small,103.6,0.899715097418277,-4.21685759467739
critical_small,103.8,0.899715097418277,-4.21685759467739
critical_small,104,0.899715097418277,-4.21685759467739
critical_small,104.2,0.899715097418277,-4.21685759467739
critical_small,104.4,0.899715097418277,-4.21685759467739
critical_small,104.6,0.899715097418277,-4.21685759467739
critical_small,104.8,0.899715097418277,-4.21685759467739
critical_small,105,0.899715097418277,-4.21685759467739
critical_small,105.2,0.899715097418277,-4.21685759467739
critical_small,105.4,0.899715097418277,-4.21685759467739
critical_small,105.6,0.899715097418277,-4.21685759467739
critical_small,105.8,0.899715097418277,-4.21685759467739
critical_small,106,0.899715097418277,-4.21685759467739
critical_small,106.2,0.899715097418277,-4.21685759467739
critical_small,106.4,0.899715097418277,-4.21685759467739
critical_small,106.6,0.899715097418277,-4.21685759467739
critical_small,106.8,0.899715097418277,-4.21685759467739
critical_small,107,0.899715097418277,-4.21685759467739
critical_small,107.2,0.899715097418277,-4.21685759467739
critical_small,107.4,0.899715097418277,-4.21685759467739
critical_small,107.6,0.899715097418277,-4.21685759467739
critical_small,107.8,0.899715097418277,-4.21685759467739
critical_small,108,0.899715097418277,-4.21685759467739
critical_small,108.2,0.899715097418277,-4.21685759467739
critical_small,108.4,0.899715097418277,-4.21685759467739
critical_small,108.6,0.899715097418277,-4.21685759467739
critical_small,108.8,0.899715097418277,-4.21685759467739
critical_small,109,0.899715097418277,-4.21685759467739
critical_small,109.2,0.899715097418277,-4.21685759467739
critical_small,109.4,0.899715097418277,-4.21685759467739
critical_small,109.6,0.899715097418277,-4.21685759467739
critical_small,109.8,0.899715097418277,-4.21685759467739
critical_small,110,0.899715097418277,-4.21685759467739
critical_small,110.2,0.899715097418277,-4.21685759467739
critical_small,110.4,0.899715097418277,-4.21685759467739
critical_small,110.6,0.899715097418277,-4.21685759467739
critical_small,110.8,0.899715097418277,-4.21685759467739
critical_small,111,0.899715097418277,-4.21685759467739
critical_small,111.2,0.899715097418277,-4.21685759467739
critical_small,111.4,0.899715097418277,-4.21685759467739
critical_small,111.6,0.899715097418277,-4.21685759467739
critical_small,111.8,0.899715097418277,-4.21685759467739
critical_small,112,0.899715097418277,-4.21685759467739
critical_small,112.2,0.899715097418277,-4.21685759467739
critical_small,112.4,0.899715097418277,-4.21685759467739
critical_small,112.6,0.899715097418277,-4.21685759467739
critical_small,112.8,0.899715097418277,-4.21685759467739
critical_small,113,0.899715097418277,-4.21685759467739
critical_small,113.2,0.899715097418277,-4.21685759467739
critical_small,113.4,0.899715097418277,-4.21685759467739
critical_small,113.6,0.899715097418277,-4.21685759467739
critical_small,113.8,0.899715097418277,-4.21685759467739
critical_small,114,0.899715097418277,-4.21685759467739
critical_small,114.2,0.899715097418277,-4.21685759467739
critical_small,114.4,0.899715097418277,-4.21685759467739
critical_small,114.6,0.899715097418277,-4.21685759467739
critical_small,114.8,0.899715097418277,-4.21685759467739
critical_small,115,0.899715097418277,-4.21685759467739
critical_small,115.2,0.899715097418277,-4.21685759467739
critical_small,115.4,0.899715097418277,-4.21685759467739
critical_small,115.6,0.899715097418277,-4.21685759467739
critical_small,115.8,0.899715097418277,-4.21685759467739
critical_small,116,0.899715097418277,-4.21685759467739
critical_small,116.2,0.899715097418277,-4.21685759467739
critical_small,116.4,0.899715097418277,-4.21685759467739
critical_small,116.6,0.899715097418277,-4.21685759467739
critical_small,116.8,0.899715097418277,-4.21685759467739
critical_small,117,0.899715097418277,-4.21685759467739
critical_small,117.2,0.899715097418277,-4.21685759467739
critical_small,117.4,0.899715097418277,-4.21685759467739
critical_small,117.6,0.899715097418277,-4.21685759467739
critical_small,117.8,0.899715097418277,-4.21685759467739
critical_small,118,0.899715097418277,-4.21685759467739
critical_small,118.2,0.899715097418277,-4.21685759467739
critical_small,118.4,0.899715097418277,-4.21685759467739
critical_small,118.6,0.899715097418277,-4.21685759467739
critical_small,118.8,0.899715097418277,-4.21685759467739
critical_small,119,0.899715097418277,-4.21685759467739
critical_small,119.2,0.899715097418277,-4.21685759467739
critical_small,119.4,0.899715097418277,-4.21685759467739
critical_small,119.6,0.899715097418277,-4.21685759467739
critical_small,119.8,0.899715097418277,-4.21685759467739
critical_small,120,0.899715097418277,-4.21685759467739
critical_large,0,0.0199944203951294,-7.16536340297225e-05
critical_large,0.2,0.0204200525982267,-7.63243256036716e-05
critical_large,0.4,0.0208635933397363,-8.14027776994131e-05
critical_large,0.6,0.0213261789670737,-8.69339535283231e-05
critical_large,0.8,0.0218090367476113,-9.29687193345075e-05
critical_large,1,0.0223134976654895,-9.95648531461057e-05
critical_large,1.2,0.0228410087930623,-0.000106788166497562
critical_large,1.4,0.0233931465187954,-0.000114713824941326
critical_large,1.6,0.0239716312581817,-0.00012342791808706
critical_large,1.8,0.0245783440624642,-0.000133029334591139
critical_large,2,0.0252153454961297,-0.000143632009615757
critical_large,2.2,0.025884897178796,-0.000155367629769199
critical_large,2.4,0.0265894864454397,-0.000168388901175209
critical_large,2.6,0.0273318546603749,-0.000182873515281123
critical_large,2.8,0.0281150298234164,-0.000199028982053484
critical_large,3,0.0289423642343336,-0.000217098547206973
critical_large,3.2,0.0298175781388695,-0.000237368471986521
critical_large,3.4,0.0307448104737617,-0.000260177033520659
critical_large,3.6,0.0317286780688003,-0.000285925711541513
critical_large,3.8,0.0327743449632993,-0.000315093167730485
critical_large,4,0.0338876038686149,-0.000348252817026218
critical_large,4.2,0.0350749722783975,-0.000386095046516655
critical_large,4.4,0.0363438063215315,-0.000429455489107777
critical_large,4.6,0.0377024362053449,-0.000479351242998138
critical_large,4.8,0.0391603280564503,-0.000537027594752715
critical_large,5,0.0407282781970443,-0.000604018737900169
critical_large,5.2,0.0424186474806631,-0.000682227293341331
critical_large,5.4,0.0442456453676867,-0.000774029310063984
critical_large,5.6,0.0462256761018443,-0.000882414112746588
critical_large,5.8,0.0483777628645171,-0.00101117226940106
critical_large,6,0.0507240704204985,-0.00116515068627576
critical_large,6.2,0.0532905529197379,-0.00135060235564
critical_large,6.4,0.0561077617248766,-0.00157567109096135
critical_large,6.6,0.0592118591384832,-0.00185107108575133
critical_large,6.8,0.0626458987337602,-0.00219105123003382
critical_large,7,0.0664614530607073,-0.00261478120910841
critical_large,7.2,0.0707206967381013,-0.00314837116904521
critical_large,7.4,0.0754990899577365,-0.00382785720938328
critical_large,7.6,0.0808888576573288,-0.00470368213802397
critical_large,7.8,0.0870035273896633,-0.00584752876055727
critical_large,8,0.0939838791994429,-0.00736291678352252
critical_large,8.2,0.102005778148467,-0.00940192466516043
critical_large,8.4,0.111290505478397,-0.0121920524795125
critical_large,8.6,0.122118367356078,-0.0160801609590573
critical_large,8.8,0.134846500601433,-0.0216056213313749
critical_large,9,0.149931802065962,-0.0296241060587397
critical_large,9.2,0.167959513638311,-0.0415199536210329
critical_large,9.4,0.18967659375516,-0.0595735606553238
critical_large,9.6,0.216025328642691,-0.087596282290249
critical_large,9.8,0.248164237587472,-0.132007607626092
critical_large,10,0.28744618206859,-0.203570874051206
critical_large,10.2,0.335293316998136,-0.319865284074491
critical_large,10.4,0.392868208653625,-0.507791068781118
critical_large,10.6,0.46042513348858,-0.80311852604049
critical_large,10.8,0.536343492932927,-1.24017986848956
critical_large,11,0.616252250626411,-1.82455060520605
critical_large,11.2,0.693226603118758,-2.49884898618487
critical_large,11.4,0.759871385394573,-3.14369751972202
critical_large,11.6,0.811386690851517,-3.64233991129717
critical_large,11.8,0.84718066986698,-3.95300774726734
critical_large,12,0.869917336266093,-4.1113653881784
critical_large,12.2,0.88339651631146,-4.17926560569863
critical_large,12.4,0.890998760399377,-4.20459461525649
critical_large,12.6,0.895140166216187,-4.2131027098275
critical_large,12.8,0.897343199078694,-4.21575688670133
critical_large,13,0.898496101467358,-4.21654468108813
critical_large,13.2,0.899092600143694,-4.2167707794845
critical_large,13.4,0.899398719545481,-4.21683406617907
critical_large,13.6,0.899554884442427,-4.21685138378364
critical_large,13.8,0.899634195071801,-4.21685600568742
critical_large,14,0.89967433574858,-4.21685720241971
critical_large,14.2,0.899694597016833,-4.21685750125947
critical_large,14.4,0.899704802091993,-4.21685757304778
critical_large,14.6,0.899709933241597,-4.21685758973419
critical_large,14.8,0.899712509577557,-4.21685759354416
critical_large,15,0.899713801660672,-4.21685759441378
critical_large,15.2,0.899714449052399,-4.21685759461452
critical_large,15.4,0.899714773171169,-4.21685759466153
critical_large,15.6,0.899714935337207,-4.21685759467273
critical_large,15.8,0.899715016429975,-4.21685759467541
critical_large,16,0.899715056963112,-4.21685759467605
critical_large,16.2,0.899715077215522,-4.21685759467622
critical_large,16.4,0.899715087331515,-4.21685759467624
critical_large,16.6,0.899715092383104,-4.21685759467624
critical_large,16.8,0.899715094905156,-4.21685759467625
critical_large,17,0.899715096164086,-4.21685759467626
critical_large,17.2,0.89971509679241,-4.21685759467626
critical_large,17.4,0.899715097105962,-4.21685759467623
critical_large,17.6,0.899715097262418,-4.21685759467623
critical_large,17.8,0.899715097340479,-4.21685759467623
critical_large,18,0.899715097379424,-4.21685759467622
critical_large,18.2,0.899715097398852,-4.21685759467623
critical_large,18.4,0.899715097408543,-4.21685759467622
critical_large,18.6,0.899715097413378,-4.21685759467623
critical_large,18.8,0.89971509741579,-4.21685759467623
critical_large,19,0.899715097416992,-4.21685759467623
critical_large,19.2,0.899715097417592,-4.21685759467623
critical_large,19.4,0.899715097417891,-4.21685759467622
critical_large,19.6,0.899715097418041,-4.21685759467623
critical_large,19.8,0.899715097418116,-4.21685759467624
critical_large,20,0.899715097418153,-4.21685759467624
critical_large,20.2,0.899715097418172,-4.21685759467624
critical_large,20.4,0.899715097418181,-4.21685759467623
critical_large,20.6,0.899715097418184,-4.21685759467621
critical_large,20.8,0.899715097418183,-4.21685759467617
critical_large,21,0.899715097418185,-4.21685759467618
critical_large,21.2,0.899715097418186,-4.2168575946762
critical_large,21.4,0.899715097418186,-4.21685759467619
critical_large,21.6,0.899715097418186,-4.21685759467619
critical_large,21.8,0.899715097418186,-4.21685759467619
critical_large,22,0.899715097418186,-4.21685759467619
critical_large,22.2,0.899715097418186,-4.21685759467619
critical_large,22.4,0.899715097418186,-4.21685759467619
critical_large,22.6,0.899715097418186,-4.21685759467619
critical_large,22.8,0.899715097418186,-4.21685759467619
critical_large,23,0.899715097418186,-4.21685759467619
critical_large,23.2,0.899715097418186,-4.21685759467619
critical_large,23.4,0.899715097418186,-4.21685759467619
critical_large,23.6,0.899715097418186,-4.21685759467619
critical_large,23.8,0.899715097418186,-4.21685759467619
critical_large,24,0.899715097418186,-4.21685759467619
critical_large,24.2,0.899715097418186,-4.21685759467619
critical_large,24.4,0.899715097418186,-4.21685759467619
critical_large,24.6,0.899715097418186,-4.21685759467619
critical_large,24.8,0.899715097418186,-4.21685759467619
critical_large,25,0.899715097418186,-4.21685759467619
critical_large,25.2,0.899715097418186,-4.21685759467619
critical_large,25.4,0.899715097418186,-4.21685759467619
critical_large,25.6,0.899715097418186,-4.21685759467619
critical_large,25.8,0.899715097418186,-4.21685759467619
critical_large,26,0.899715097418186,-4.21685759467619
critical_large,26.2,0.899715097418186,-4.21685759467619
critical_large,26.4,0.899715097418186,-4.21685759467619
critical_large,26.6,0.899715097418186,-4.21685759467619
critical_large,26.8,0.899715097418186,-4.21685759467619
critical_large,27,0.899715097418186,-4.21685759467619
critical_large,27.2,0.899715097418186,-4.21685759467619
critical_large,27.4,0.899715097418186,-4.21685759467619
critical_large,27.6,0.899715097418186,-4.21685759467619
critical_large,27.8,0.899715097418186,-4.21685759467619
critical_large,28,0.899715097418186,-4.21685759467619
critical_large,28.2,0.899715097418186,-4.21685759467619
critical_large,28.4,0.899715097418186,-4.21685759467619
critical_large,28.6,0.899715097418186,-4.21685759467619
critical_large,28.8,0.899715097418186,-4.21685759467619
critical_large,29,0.899715097418186,-4.21685759467619
critical_large,29.2,0.899715097418186,-4.21685759467619
critical_large,29.4,0.899715097418186,-4.21685759467619
critical_large,29.6,0.899715097418186,-4.21685759467619
critical_large,29.8,0.899715097418186,-4.21685759467619
critical_large,30,0.899715097418186,-4.21685759467619
critical_large,30.2,0.899715097418186,-4.21685759467619
critical_large,30.4,0.899715097418186,-4.21685759467619
critical_large,30.6,0.899715097418186,-4.21685759467619
critical_large,30.8,0.899715097418186,-4.21685759467619
critical_large,31,0.899715097418186,-4.21685759467619
critical_large,31.2,0.899715097418186,-4.21685759467619
critical_large,31.4,0.899715097418186,-4.21685759467619
critical_large,31.6,0.899715097418186,-4.21685759467619
critical_large,31.8,0.899715097418186,-4.21685759467619
critical_large,32,0.899715097418186,-4.21685759467619
critical_large,32.2,0.899715097418186,-4.21685759467619
critical_large,32.4,0.899715097418186,-4.21685759467619
critical_large,32.6,0.899715097418186,-4.21685759467619
critical_large,32.8,0.899715097418186,-4.21685759467619
critical_large,33,0.899715097418186,-4.21685759467619
critical_large,33.2,0.899715097418186,-4.21685759467619
critical_large,33.4,0.899715097418186,-4.21685759467619
critical_large,33.6,0.899715097418186,-4.21685759467619
critical_large,33.8,0.899715097418186,-4.21685759467619
critical_large,34,0.899715097418186,-4.21685759467619
critical_large,34.2,0.899715097418186,-4.21685759467619
critical_large,34.4,0.899715097418186,-4.21685759467619
critical_large,34.6,0.899715097418186,-4.21685759467619
critical_large,34.8,0.899715097418186,-4.21685759467619
critical_large,35,0.899715097418186,-4.21685759467619
critical_large,35.2,0.899715097418186,-4.21685759467619
critical_large,35.4,0.899715097418186,-4.21685759467619
critical_large,35.6,0.899715097418186,-4.21685759467619
critical_large,35.8,0.899715097418186,-4.21685759467619
critical_large,36,0.899715097418186,-4.21685759467619
critical_large,36.2,0.899715097418186,-4.21685759467619
critical_large,36.4,0.899715097418186,-4.21685759467619
critical_large,36.6,0.899715097418186,-4.21685759467619
critical_large,36.8,0.899715097418186,-4.21685759467619
critical_large,37,0.899715097418186,-4.21685759467619
critical_large,37.2,0.899715097418186,-4.21685759467619
critical_large,37.4,0.899715097418186,-4.21685759467619
critical_large,37.6,0.899715097418186,-4.21685759467619
critical_large,37.8,0.899715097418186,-4.21685759467619
critical_large,38,0.899715097418186,-4.21685759467619
critical_large,38.2,0.899715097418186,-4.21685759467619
critical_large,38.4,0.899715097418186,-4.21685759467619
critical_large,38.6,0.899715097418186,-4.21685759467619
critical_large,38.8,0.899715097418186,-4.21685759467619
critical_large,39,0.899715097418186,-4.21685759467619
critical_large,39.2,0.899715097418186,-4.21685759467619
critical_large,39.4,0.899715097418186,-4.21685759467619
critical_large,39.6,0.899715097418186,-4.21685759467619
critical_large,39.8,0.899715097418186,-4.21685759467619
critical_large,40,0.899715097418186,-4.21685759467619
critical_large,40.2,0.899715097418186,-4.21685759467619
critical_large,40.4,0.899715097418186,-4.21685759467619
critical_large,40.6,0.899715097418186,-4.21685759467619
critical_large,40.8,0.899715097418186,-4.21685759467619
critical_large,41,0.899715097418186,-4.21685759467619
critical_large,41.2,0.899715097418186,-4.21685759467619
critical_large,41.4,0.899715097418186,-4.21685759467619
critical_large,41.6,0.899715097418186,-4.21685759467619
critical_large,41.8,0.899715097418186,-4.21685759467619
critical_large,42,0.899715097418186,-4.21685759467619
critical_large,42.2,0.899715097418186,-4.21685759467619
critical_large,42.4,0.899715097418186,-4.21685759467619
critical_large,42.6,0.899715097418186,-4.21685759467619
critical_large,42.8,0.899715097418186,-4.21685759467619
critical_large,43,0.899715097418186,-4.21685759467619
critical_large,43.2,0.899715097418186,-4.21685759467619
critical_large,43.4,0.899715097418186,-4.21685759467619
critical_large,43.6,0.899715097418186,-4.21685759467619
critical_large,43.8,0.899715097418186,-4.21685759467619
critical_large,44,0.899715097418186,-4.21685759467619
critical_large,44.2,0.899715097418186,-4.21685759467619
critical_large,44.4,0.899715097418186,-4.21685759467619
critical_large,44.6,0.899715097418186,-4.21685759467619
critical_large,44.8,0.899715097418186,-4.21685759467619
critical_large,45,0.899715097418186,-4.21685759467619
critical_large,45.2,0.899715097418186,-4.21685759467619
critical_large,45.4,0.899715097418186,-4.21685759467619
critical_large,45.6,0.899715097418186,-4.21685759467619
critical_large,45.8,0.899715097418186,-4.21685759467619
critical_large,46,0.899715097418186,-4.21685759467619
critical_large,46.2,0.899715097418186,-4.21685759467619
critical_large,46.4,0.899715097418186,-4.21685759467619
critical_large,46.6,0.899715097418186,-4.21685759467619
critical_large,46.8,0.899715097418186,-4.21685759467619
critical_large,47,0.899715097418186,-4.21685759467619
critical_large,47.2,0.899715097418186,-4.21685759467619
critical_large,47.4,0.899715097418186,-4.21685759467619
critical_large,47.6,0.899715097418186,-4.21685759467619
critical_large,47.8,0.899715097418186,-4.21685759467619
critical_large,48,0.899715097418186,-4.21685759467619
critical_large,48.2,0.899715097418186,-4.21685759467619
critical_large,48.4,0.899715097418186,-4.21685759467619
critical_large,48.6,0.899715097418186,-4.21685759467619
critical_large,48.8,0.899715097418186,-4.21685759467619
critical_large,49,0.899715097418186,-4.21685759467619
critical_large,49.2,0.899715097418186,-4.21685759467619
critical_large,49.4,0.899715097418186,-4.21685759467619
critical_large,49.6,0.899715097418186,-4.21685759467619
critical_large,49.8,0.899715097418186,-4.21685759467619
critical_large,50,0.899715097418186,-4.21685759467619
critical_large,50.2,0.899715097418186,-4.21685759467619
critical_large,50.4,0.899715097418186,-4.21685759467619
critical_large,50.6,0.899715097418186,-4.21685759467619
critical_large,50.8,0.899715097418186,-4.21685759467619
critical_large,51,0.899715097418186,-4.21685759467619
critical_large,51.2,0.899715097418186,-4.21685759467619
critical_large,51.4,0.899715097418186,-4.21685759467619
critical_large,51.6,0.899715097418186,-4.21685759467619
critical_large,51.8,0.899715097418186,-4.21685759467619
critical_large,52,0.899715097418186,-4.21685759467619
critical_large,52.2,0.899715097418186,-4.21685759467619
critical_large,52.4,0.899715097418186,-4.21685759467619
critical_large,52.6,0.899715097418186,-4.21685759467619
critical_large,52.8,0.899715097418186,-4.21685759467619
critical_large,53,0.899715097418186,-4.21685759467619
critical_large,53.2,0.899715097418186,-4.21685759467619
critical_large,53.4,0.899715097418186,-4.21685759467619
critical_large,53.6,0.899715097418186,-4.21685759467619
critical_large,53.8,0.899715097418186,-4.21685759467619
critical_large,54,0.899715097418186,-4.21685759467619
critical_large,54.2,0.899715097418186,-4.21685759467619
critical_large,54.4,0.899715097418186,-4.21685759467619
critical_large,54.6,0.899715097418186,-4.21685759467619
critical_large,54.8,0.899715097418186,-4.21685759467619
critical_large,55,0.899715097418186,-4.21685759467619
critical_large,55.2,0.899715097418186,-4.21685759467619
critical_large,55.4,0.899715097418186,-4.21685759467619
critical_large,55.6,0.899715097418186,-4.21685759467619
critical_large,55.8,0.899715097418186,-4.21685759467619
critical_large,56,0.899715097418186,-4.21685759467619
critical_large,56.2,0.899715097418186,-4.21685759467619
critical_large,56.4,0.899715097418186,-4.21685759467619
critical_large,56.6,0.899715097418186,-4.21685759467619
critical_large,56.8,0.899715097418186,-4.21685759467619
critical_large,57,0.899715097418186,-4.21685759467619
critical_large,57.2,0.899715097418186,-4.21685759467619
critical_large,57.4,0.899715097418186,-4.21685759467619
critical_large,57.6,0.899715097418186,-4.21685759467619
critical_large,57.8,0.899715097418186,-4.21685759467619
critical_large,58,0.899715097418186,-4.21685759467619
critical_large,58.2,0.899715097418186,-4.21685759467619
critical_large,58.4,0.899715097418186,-4.21685759467619
critical_large,58.6,0.899715097418186,-4.21685759467619
critical_large,58.8,0.899715097418186,-4.21685759467619
critical_large,59,0.899715097418186,-4.21685759467619
critical_large,59.2,0.899715097418186,-4.21685759467619
critical_large,59.4,0.899715097418186,-4.21685759467619
critical_large,59.6,0.899715097418186,-4.21685759467619
critical_large,59.8,0.899715097418186,-4.21685759467619
critical_large,60,0.899715097418186,-4.21685759467619
critical_large,60.2,0.899715097418186,-4.21685759467619
critical_large,60.4,0.899715097418186,-4.21685759467619
critical_large,60.6,0.899715097418186,-4.21685759467619
critical_large,60.8,0.899715097418186,-4.21685759467619
critical_large,61,0.899715097418186,-4.21685759467619
critical_large,61.2,0.899715097418186,-4.21685759467619
critical_large,61.4,0.899715097418186,-4.21685759467619
critical_large,61.6,0.899715097418186,-4.21685759467619
critical_large,61.8,0.899715097418186,-4.21685759467619
critical_large,62,0.899715097418186,-4.21685759467619
critical_large,62.2,0.899715097418186,-4.21685759467619
critical_large,62.4,0.899715097418186,-4.21685759467619
critical_large,62.6,0.899715097418186,-4.21685759467619
critical_large,62.8,0.899715097418186,-4.21685759467619
critical_large,63,0.899715097418186,-4.21685759467619
critical_large,63.2,0.899715097418186,-4.21685759467619
critical_large,63.4,0.899715097418186,-4.21685759467619
critical_large,63.6,0.899715097418186,-4.21685759467619
critical_large,63.8,0.899715097418186,-4.21685759467619
critical_large,64,0.899715097418186,-4.21685759467619
critical_large,64.2,0.899715097418186,-4.21685759467619
critical_large,64.4,0.899715097418186,-4.21685759467619
critical_large,64.6,0.899715097418186,-4.21685759467619
critical_large,64.8,0.899715097418186,-4.21685759467619
critical_large,65,0.899715097418186,-4.21685759467619
critical_large,65.2,0.899715097418186,-4.21685759467619
critical_large,65.4,0.899715097418186,-4.21685759467619
critical_large,65.6,0.899715097418186,-4.21685759467619
critical_large,65.8,0.899715097418186,-4.21685759467619
critical_large,66,0.899715097418186,-4.21685759467619
critical_large,66.2,0.899715097418186,-4.21685759467619
critical_large,66.4,0.899715097418186,-4.21685759467619
critical_large,66.6,0.899715097418186,-4.21685759467619
critical_large,66.8,0.899715097418186,-4.21685759467619
critical_large,67,0.899715097418186,-4.21685759467619
critical_large,67.2,0.899715097418186,-4.21685759467619
critical_large,67.4,0.899715097418186,-4.21685759467619
critical_large,67.6,0.899715097418186,-4.21685759467619
critical_large,67.8,0.899715097418186,-4.21685759467619
critical_large,68,0.899715097418186,-4.21685759467619
critical_large,68.2,0.899715097418186,-4.21685759467619
critical_large,68.4,0.899715097418186,-4.21685759467619
critical_large,68.6,0.899715097418186,-4.21685759467619
critical_large,68.8,0.899715097418186,-4.21685759467619
critical_large,69,0.899715097418186,-4.21685759467619
critical_large,69.2,0.899715097418186,-4.21685759467619
critical_large,69.4,0.899715097418186,-4.21685759467619
critical_large,69.6,0.899715097418186,-4.21685759467619
critical_large,69.8,0.899715097418186,-4.21685759467619
critical_large,70,0.899715097418186,-4.21685759467619
critical_large,70.2,0.899715097418186,-4.21685759467619
critical_large,70.4,0.899715097418186,-4.21685759467619
critical_large,70.6,0.899715097418186,-4.21685759467619
critical_large,70.8,0.899715097418186,-4.21685759467619
critical_large,71,0.899715097418186,-4.21685759467619
critical_large,71.2,0.899715097418186,-4.21685759467619
critical_large,71.4,0.899715097418186,-4.21685759467619
critical_large,71.6,0.899715097418186,-4.21685759467619
critical_large,71.8,0.899715097418186,-4.21685759467619
critical_large,72,0.899715097418186,-4.21685759467619
critical_large,72.2,0.899715097418186,-4.21685759467619
critical_large,72.4,0.899715097418186,-4.21685759467619
critical_large,72.6,0.899715097418186,-4.21685759467619
critical_large,72.8,0.899715097418186,-4.21685759467619
critical_large,73,0.899715097418186,-4.21685759467619
critical_large,73.2,0.899715097418186,-4.21685759467619
critical_large,73.4,0.899715097418186,-4.21685759467619
critical_large,73.6,0.899715097418186,-4.21685759467619
critical_large,73.8,0.899715097418186,-4.21685759467619
critical_large,74,0.899715097418186,-4.21685759467619
critical_large,74.2,0.899715097418186,-4.21685759467619
critical_large,74.4,0.899715097418186,-4.21685759467619
critical_large,74.6,0.899715097418186,-4.21685759467619
critical_large,74.8,0.899715097418186,-4.21685759467619
critical_large,75,0.899715097418186,-4.21685759467619
critical_large,75.2,0.899715097418186,-4.21685759467619
critical_large,75.4,0.899715097418186,-4.21685759467619
critical_large,75.6,0.899715097418186,-4.21685759467619
critical_large,75.8,0.899715097418186,-4.21685759467619
critical_large,76,0.899715097418186,-4.21685759467619
critical_large,76.2,0.899715097418186,-4.21685759467619
critical_large,76.4,0.899715097418186,-4.21685759467619
critical_large,76.6,0.899715097418186,-4.21685759467619
critical_large,76.8,0.899715097418186,-4.21685759467619
critical_large,77,0.899715097418186,-4.21685759467619
critical_large,77.2,0.899715097418186,-4.21685759467619
critical_large,77.4,0.899715097418186,-4.21685759467619
critical_large,77.6,0.899715097418186,-4.21685759467619
critical_large,77.8,0.899715097418186,-4.21685759467619
critical_large,78,0.899715097418186,-4.21685759467619
critical_large,78.2,0.899715097418186,-4.21685759467619
critical_large,78.4,0.899715097418186,-4.21685759467619
critical_large,78.6,0.899715097418186,-4.21685759467619
critical_large,78.8,0.899715097418186,-4.21685759467619
critical_large,79,0.899715097418186,-4.21685759467619
critical_large,79.2,0.899715097418186,-4.21685759467619
critical_large,79.4,0.899715097418186,-4.21685759467619
critical_large,79.6,0.899715097418186,-4.21685759467619
critical_large,79.8,0.899715097418186,-4.21685759467619
critical_large,80,0.899715097418186,-4.21685759467619
critical_large,80.2,0.899715097418186,-4.21685759467619
critical_large,80.4,0.899715097418186,-4.21685759467619
critical_large,80.6,0.899715097418186,-4.21685759467619
critical_large,80.8,0.899715097418186,-4.21685759467619
critical_large,81,0.899715097418186,-4.21685759467619
critical_large,81.2,0.899715097418186,-4.21685759467619
critical_large,81.4,0.899715097418186,-4.21685759467619
critical_large,81.6,0.899715097418186,-4.21685759467619
critical_large,81.8,0.899715097418186,-4.21685759467619
critical_large,82,0.899715097418186,-4.21685759467619
critical_large,82.2,0.899715097418186,-4.21685759467619
critical_large,82.4,0.899715097418186,-4.21685759467619
critical_large,82.6,0.899715097418186,-4.21685759467619
critical_large,82.8,0.899715097418186,-4.21685759467619
critical_large,83,0.899715097418186,-4.21685759467619
critical_large,83.2,0.899715097418186,-4.21685759467619
critical_large,83.4,0.899715097418186,-4.21685759467619
critical_large,83.6,0.899715097418186,-4.21685759467619
critical_large,83.8,0.899715097418186,-4.21685759467619
critical_large,84,0.899715097418186,-4.21685759467619
critical_large,84.2,0.899715097418186,-4.21685759467619
critical_large,84.4,0.899715097418186,-4.21685759467619
critical_large,84.6,0.899715097418186,-4.21685759467619
critical_large,84.8,0.899715097418186,-4.21685759467619
critical_large,85,0.899715097418186,-4.21685759467619
critical_large,85.2,0.899715097418186,-4.21685759467619
critical_large,85.4,0.899715097418186,-4.21685759467619
critical_large,85.6,0.899715097418186,-4.21685759467619
critical_large,85.8,0.899715097418186,-4.21685759467619
critical_large,86,0.899715097418186,-4.21685759467619
critical_large,86.2,0.899715097418186,-4.21685759467619
critical_large,86.4,0.899715097418186,-4.21685759467619
critical_large,86.6,0.899715097418186,-4.21685759467619
critical_large,86.8,0.899715097418186,-4.21685759467619
critical_large,87,0.899715097418186,-4.21685759467619
critical_large,87.2,0.899715097418186,-4.21685759467619
critical_large,87.4,0.899715097418186,-4.21685759467619
critical_large,87.6,0.899715097418186,-4.21685759467619
critical_large,87.8,0.899715097418186,-4.21685759467619
critical_large,88,0.899715097418186,-4.21685759467619
critical_large,88.2,0.899715097418186,-4.21685759467619
critical_large,88.4,0.899715097418186,-4.21685759467619
critical_large,88.6,0.899715097418186,-4.21685759467619
critical_large,88.8,0.899715097418186,-4.21685759467619
critical_large,89,0.899715097418186,-4.21685759467619
critical_large,89.2,0.899715097418186,-4.21685759467619
critical_large,89.4,0.899715097418186,-4.21685759467619
critical_large,89.6,0.899715097418186,-4.21685759467619
critical_large,89.8,0.899715097418186,-4.21685759467619
critical_large,90,0.899715097418186,-4.21685759467619
critical_large,90.2,0.899715097418186,-4.21685759467619
critical_large,90.4,0.899715097418186,-4.21685759467619
critical_large,90.6,0.899715097418186,-4.21685759467619
critical_large,90.8,0.899715097418186,-4.21685759467619
critical_large,91,0.899715097418186,-4.21685759467619
critical_large,91.2,0.899715097418186,-4.21685759467619
critical_large,91.4,0.899715097418186,-4.21685759467619
critical_large,91.6,0.899715097418186,-4.21685759467619
critical_large,91.8,0.899715097418186,-4.21685759467619
critical_large,92,0.899715097418186,-4.21685759467619
critical_large,92.2,0.899715097418186,-4.21685759467619
critical_large,92.4,0.899715097418186,-4.21685759467619
critical_large,92.6,0.899715097418186,-4.21685759467619
critical_large,92.8,0.899715097418186,-4.21685759467619
critical_large,93,0.899715097418186,-4.21685759467619
critical_large,93.2,0.899715097418186,-4.21685759467619
critical_large,93.4,0.899715097418186,-4.21685759467619
critical_large,93.6,0.899715097418186,-4.21685759467619
critical_large,93.8,0.899715097418186,-4.21685759467619
critical_large,94,0.899715097418186,-4.21685759467619
critical_large,94.2,0.899715097418186,-4.21685759467619
critical_large,94.4,0.899715097418186,-4.21685759467619
critical_large,94.6,0.899715097418186,-4.21685759467619
critical_large,94.8,0.899715097418186,-4.21685759467619
critical_large,95,0.899715097418186,-4.21685759467619
critical_large,95.2,0.899715097418186,-4.21685759467619
critical_large,95.4,0.899715097418186,-4.21685759467619
critical_large,95.6,0.899715097418186,-4.21685759467619
critical_large,95.8,0.899715097418186,-4.21685759467619
critical_large,96,0.899715097418186,-4.21685759467619
critical_large,96.2,0.899715097418186,-4.21685759467619
critical_large,96.4,0.899715097418186,-4.21685759467619
critical_large,96.6,0.899715097418186,-4.21685759467619
critical_large,96.8,0.899715097418186,-4.21685759467619
critical_large,97,0.899715097418186,-4.21685759467619
critical_large,97.2,0.899715097418186,-4.21685759467619
critical_large,97.4,0.899715097418186,-4.21685759467619
critical_large,97.6,0.899715097418186,-4.21685759467619
critical_large,97.8,0.899715097418186,-4.21685759467619
critical_large,98,0.899715097418186,-4.21685759467619
critical_large,98.2,0.899715097418186,-4.21685759467619
critical_large,98.4,0.899715097418186,-4.21685759467619
critical_large,98.6,0.899715097418186,-4.21685759467619
critical_large,98.8,0.899715097418186,-4.21685759467619
critical_large,99,0.899715097418186,-4.21685759467619
critical_large,99.2,0.899715097418186,-4.21685759467619
critical_large,99.4,0.899715097418186,-4.21685759467619
critical_large,99.6,0.899715097418186,-4.21685759467619
critical_large,99.8,0.899715097418186,-4.21685759467619
critical_large,100,0.899715097418186,-4.21685759467619
critical_large,100.2,0.899715097418186,-4.21685759467619
critical_large,100.4,0.899715097418186,-4.21685759467619
critical_large,100.6,0.899715097418186,-4.21685759467619
critical_large,100.8,0.899715097418186,-4.21685759467619
critical_large,101,0.899715097418186,-4.21685759467619
critical_large,101.2,0.899715097418186,-4.21685759467619
critical_large,101.4,0.899715097418186,-4.21685759467619
critical_large,101.6,0.899715097418186,-4.21685759467619
critical_large,101.8,0.899715097418186,-4.21685759467619
critical_large,102,0.899715097418186,-4.21685759467619
critical_large,102.2,0.899715097418186,-4.21685759467619
critical_large,102.4,0.899715097418186,-4.21685759467619
critical_large,102.6,0.899715097418186,-4.21685759467619
critical_large,102.8,0.899715097418186,-4.21685759467619
critical_large,103,0.899715097418186,-4.21685759467619
critical_large,103.2,0.899715097418186,-4.21685759467619
critical_large,103.4,0.899715097418186,-4.21685759467619
critical_large,103.6,0.899715097418186,-4.21685759467619
critical_large,103.8,0.899715097418186,-4.21685759467619
critical_large,104,0.899715097418186,-4.21685759467619
critical_large,104.2,0.899715097418186,-4.21685759467619
critical_large,104.4,0.899715097418186,-4.21685759467619
critical_large,104.6,0.899715097418186,-4.21685759467619
critical_large,104.8,0.899715097418186,-4.21685759467619
critical_large,105,0.899715097418186,-4.21685759467619
critical_large,105.2,0.899715097418186,-4.21685759467619
critical_large,105.4,0.899715097418186,-4.21685759467619
critical_large,105.6,0.899715097418186,-4.21685759467619
critical_large,105.8,0.899715097418186,-4.21685759467619
critical_large,106,0.899715097418186,-4.21685759467619
critical_large,106.2,0.899715097418186,-4.21685759467619
critical_large,106.4,0.899715097418186,-4.21685759467619
critical_large,106.6,0.899715097418186,-4.21685759467619
critical_large,106.8,0.899715097418186,-4.21685759467619
critical_large,107,0.899715097418186,-4.21685759467619
critical_large,107.2,0.899715097418186,-4.21685759467619
critical_large,107.4,0.899715097418186,-4.21685759467619
critical_large,107.6,0.899715097418186,-4.21685759467619
critical_large,107.8,0.899715097418186,-4.21685759467619
critical_large,108,0.899715097418186,-4.21685759467619
critical_large,108.2,0.899715097418186,-4.21685759467619
critical_large,108.4,0.899715097418186,-4.21685759467619
critical_large,108.6,0.899715097418186,-4.21685759467619
critical_large,108.8,0.899715097418186,-4.21685759467619
critical_large,109,0.899715097418186,-4.21685759467619
critical_large,109.2,0.899715097418186,-4.21685759467619
critical_large,109.4,0.899715097418186,-4.21685759467619
critical_large,109.6,0.899715097418186,-4.21685759467619
critical_large,109.8,0.899715097418186,-4.21685759467619
critical_large,110,0.899715097418186,-4.21685759467619
critical_large,110.2,0.899715097418186,-4.21685759467619
critical_large,110.4,0.899715097418186,-4.21685759467619
critical_large,110.6,0.899715097418186,-4.21685759467619
critical_large,110.8,0.899715097418186,-4.21685759467619
critical_large,111,0.899715097418186,-4.21685759467619
critical_large,111.2,0.899715097418186,-4.21685759467619
critical_large,111.4,0.899715097418186,-4.21685759467619
critical_large,111.6,0.899715097418186,-4.21685759467619
critical_large,111.8,0.899715097418186,-4.21685759467619
critical_large,112,0.899715097418186,-4.21685759467619
critical_large,112.2,0.899715097418186,-4.21685759467619
critical_large,112.4,0.899715097418186,-4.21685759467619
critical_large,112.6,0.899715097418186,-4.21685759467619
critical_large,112.8,0.899715097418186,-4.21685759467619
critical_large,113,0.899715097418186,-4.21685759467619
critical_large,113.2,0.899715097418186,-4.21685759467619
critical_large,113.4,0.899715097418186,-4.21685759467619
critical_large,113.6,0.899715097418186,-4.21685759467619
critical_large,113.8,0.899715097418186,-4.21685759467619
critical_large,114,0.899715097418186,-4.21685759467619
critical_large,114.2,0.899715097418186,-4.21685759467619
critical_large,114.4,0.899715097418186,-4.21685759467619
critical_large,114.6,0.899715097418186,-4.21685759467619
critical_large,114.8,0.899715097418186,-4.21685759467619
critical_large,115,0.899715097418186,-4.21685759467619
critical_large,115.2,0.899715097418186,-4.21685759467619
critical_large,115.4,0.899715097418186,-4.21685759467619
critical_large,115.6,0.899715097418186,-4.21685759467619
critical_large,115.8,0.899715097418186,-4.21685759467619
critical_large,116,0.899715097418186,-4.21685759467619
critical_large,116.2,0.899715097418186,-4.21685759467619
critical_large,116.4,0.899715097418186,-4.21685759467619
critical_large,116.6,0.899715097418186,-4.21685759467619
critical_large,116.8,0.899715097418186,-4.21685759467619
critical_large,117,0.899715097418186,-4.21685759467619
critical_large,117.2,0.899715097418186,-4.21685759467619
critical_large,117.4,0.899715097418186,-4.21685759467619
critical_large,117.6,0.899715097418186,-4.21685759467619
critical_large,117.8,0.899715097418186,-4.21685759467619
critical_large,118,0.899715097418186,-4.21685759467619
critical_large,118.2,0.899715097418186,-4.21685759467619
critical_large,118.4,0.899715097418186,-4.21685759467619
critical_large,118.6,0.899715097418186,-4.21685759467619
critical_large,118.8,0.899715097418186,-4.21685759467619
critical_large,119,0.899715097418186,-4.21685759467619
critical_large,119.2,0.899715097418186,-4.21685759467619
critical_large,119.4,0.899715097418186,-4.21685759467619
critical_large,119.6,0.899715097418186,-4.21685759467619
critical_large,119.8,0.899715097418186,-4.21685759467619
critical_large,120,0.899715097418186,-4.21685759467619
